algorithm,file,path,line,code
A-NSGA-III,ANSGAIII.m,Multi-objective optimization/A-NSGA-III/ANSGAIII.m,23,"[Z,Problem.N] = UniformPoint(Problem.N,Problem.M);"
AB-SAEA,ABSAEA.m,Multi-objective optimization/AB-SAEA/ABSAEA.m,27,"[V0,Problem.N] = UniformPoint(Problem.N,Problem.M);"
AdaW,AdaW.m,Multi-objective optimization/AdaW/AdaW.m,21,"[W,Problem.N] = UniformPoint(Problem.N,Problem.M);  % Generate the weight vectors"
BCE-MOEA-D,BCEMOEAD.m,Multi-objective optimization/BCE-MOEA-D/BCEMOEAD.m,21,"[W,Problem.N] = UniformPoint(Problem.N,Problem.M);"
C-MOEA-D,CMOEAD.m,Multi-objective optimization/C-MOEA-D/CMOEAD.m,22,"[W,Problem.N] = UniformPoint(Problem.N,Problem.M);"
C-TAEA,CTAEA.m,Multi-objective optimization/C-TAEA/CTAEA.m,21,"[W,Problem.N] = UniformPoint(Problem.N,Problem.M);"
CI-EMO,CIEMO.m,Multi-objective optimization/CI-EMO/CIEMO.m,27,"[W, Problem.N] = UniformPoint(Problem.N,Problem.M);             % Generate reference point W"
CMME,CMME.m,Multi-objective optimization/CMME/CMME.m,24,"[W,Problem.N] = UniformPoint(Problem.N,Problem.M);"
CMOBR,CMOBR.m,Multi-objective optimization/CMOBR/CMOBR.m,29,"[W,Problem.N] = UniformPoint(Problem.N,Problem.M);"
CMOEBOD,CMOEBOD.m,Multi-objective optimization/CMOEBOD/CMOEBOD.m,30,"[V,Problem.N] = UniformPoint(Problem.N,Problem.M);"
CMOEMT,CMOEMT.m,Multi-objective optimization/CMOEMT/CMOEMT.m,29,"[W,Problem.N] = UniformPoint(Problem.N,Problem.M);"
DCNSGA-III,DCNSGAIII.m,Multi-objective optimization/DCNSGA-III/DCNSGAIII.m,27,"[Z,Problem.N]         = UniformPoint(Problem.N, Problem.M);"
DEA-GNG,DEAGNG.m,Multi-objective optimization/DEA-GNG/DEAGNG.m,23,"[Ru,Problem.N] = UniformPoint(Problem.N,Problem.M);	% Uniform reference vectors"
DGEA,DGEA.m,Multi-objective optimization/DGEA/DGEA.m,26,"[V,Problem.N] = UniformPoint(Problem.N,Problem.M);"
DP-PPS,DPPPS.m,Multi-objective optimization/DP-PPS/DPPPS.m,29,"[W,Problem.N] = UniformPoint(Problem.N,Problem.M);"
EAG-MOEA-D,EAGMOEAD.m,Multi-objective optimization/EAG-MOEA-D/EAGMOEAD.m,26,"[W,Problem.N] = UniformPoint(Problem.N,Problem.M);"
EFR-RR,EFRRR.m,Multi-objective optimization/EFR-RR/EFRRR.m,25,"[W,Problem.N]   = UniformPoint(Problem.N,Problem.M);"
EGES,GES.m,Multi-objective optimization/EGES/GES.m,17,"[V, Problem.N] = UniformPoint(Problem.N,Problem.M); % Reference Points"
EM-SAEA,EM_SAEA.m,Multi-objective optimization/EM-SAEA/EM_SAEA.m,27,"[W,Problem.N] = UniformPoint(Problem.N,Problem.M);"
ENS-MOEA-D,ENSMOEAD.m,Multi-objective optimization/ENS-MOEA-D/ENSMOEAD.m,26,"[W,Problem.N] = UniformPoint(Problem.N,Problem.M);"
FDSEA,FDSEA.m,Multi-objective optimization/FDSEA/FDSEA.m,26,"[Z,Problem.N] = UniformPoint(Problem.N,Problem.M);"
FDV,FDV.m,Multi-objective optimization/FDV/FDV.m,47,"[Z,Problem.N] = UniformPoint(Problem.N,Problem.M);"
FRCG-M,FRCGM.m,Multi-objective optimization/FRCG-M/FRCGM.m,25,"[W,Problem.N] = UniformPoint(Problem.N,Problem.M);"
GCNMOEA,GCNMOEA.m,Multi-objective optimization/GCNMOEA/GCNMOEA.m,21,"[W1,Problem.N] = UniformPoint(Problem.N,Problem.M);"
GDVTSF,GDVTSF.m,Multi-objective optimization/GDVTSF/GDVTSF.m,41,"[V, Problem.N] = UniformPoint(Problem.N, Problem.M);"
GDVTSF,GDVTSF_Utils.m,Multi-objective optimization/GDVTSF/GDVTSF_Utils.m,229,"[V, Problem.N] = UniformPoint(Problem.N, Problem.M);"
GLMO,GLMO.m,Multi-objective optimization/GLMO/GLMO.m,88,"[Z,Problem.N] = UniformPoint(Problem.N,Problem.M);"
GPSO-M,GPSOM.m,Multi-objective optimization/GPSO-M/GPSOM.m,27,"[W,Problem.N] = UniformPoint(Problem.N,Problem.M);"
GWASF-GA,GWASFGA.m,Multi-objective optimization/GWASF-GA/GWASFGA.m,32,"[Vectors,Problem.N] = UniformPoint(Problem.N,Problem.M );"
HEA,HEA.m,Multi-objective optimization/HEA/HEA.m,26,"[W, Problem.N] = UniformPoint(Problem.N,Problem.M);"
I-DBEA,IDBEA.m,Multi-objective optimization/I-DBEA/IDBEA.m,21,"[W,Problem.N] = UniformPoint(Problem.N,Problem.M);"
IM-C-MOEA-D,IMCMOEAD.m,Multi-objective optimization/IM-C-MOEA-D/IMCMOEAD.m,29,"[W,Problem.N] = UniformPoint(Problem.N,Problem.M);"
IM-MOEA-D,IMMOEAD.m,Multi-objective optimization/IM-MOEA-D/IMMOEAD.m,29,"[W,Problem.N] = UniformPoint(Problem.N,Problem.M);"
K-RVEA,KRVEA.m,Multi-objective optimization/K-RVEA/KRVEA.m,30,"[V0,Problem.N] = UniformPoint(Problem.N,Problem.M);"
LCSA,LCSA.m,Multi-objective optimization/LCSA/LCSA.m,147,"[Z,Problem.N] = UniformPoint(Problem.N,Problem.M);"
LDS-AF,LDSAF.m,Multi-objective optimization/LDS-AF/LDSAF.m,26,"[W, Problem.N] = UniformPoint(Problem.N, Problem.M);"
LERD,LERD.m,Multi-objective optimization/LERD/LERD.m,27,"[W,Problem.N] = UniformPoint(Problem.N,Problem.M);"
LMOCSO,LMOCSO.m,Multi-objective optimization/LMOCSO/LMOCSO.m,21,"[V,Problem.N] = UniformPoint(Problem.N,Problem.M);"
MCEA-D,MCEAD.m,Multi-objective optimization/MCEA-D/MCEAD.m,30,"[W, Problem.N] = UniformPoint(Problem.N, Problem.M);"
MMOPSO,MMOPSO.m,Multi-objective optimization/MMOPSO/MMOPSO.m,21,"[W,Problem.N] = UniformPoint(Problem.N,Problem.M);"
MOEA-D,MOEAD.m,Multi-objective optimization/MOEA-D/MOEAD.m,25,"[W,Problem.N] = UniformPoint(Problem.N,Problem.M);"
MOEA-D-AWA,MOEADAWA.m,Multi-objective optimization/MOEA-D-AWA/MOEADAWA.m,26,"[W,Problem.N] = UniformPoint(Problem.N,Problem.M);"
MOEA-D-CMA,MOEADCMA.m,Multi-objective optimization/MOEA-D-CMA/MOEADCMA.m,25,"[W,Problem.N] = UniformPoint(Problem.N,Problem.M);"
MOEA-D-CMT,MOEADCMT.m,Multi-objective optimization/MOEA-D-CMT/MOEADCMT.m,35,"[W,Problem.N] = UniformPoint(Problem.N,Problem.M);"
MOEA-D-DAE,MOEADDAE.m,Multi-objective optimization/MOEA-D-DAE/MOEADDAE.m,21,"[W,Problem.N] = UniformPoint(Problem.N,Problem.M);"
MOEA-D-DCWV,MOEADDCWV.m,Multi-objective optimization/MOEA-D-DCWV/MOEADDCWV.m,29,"[W,Problem.N] = UniformPoint(Problem.N,Problem.M);"
MOEA-D-DE,MOEADDE.m,Multi-objective optimization/MOEA-D-DE/MOEADDE.m,26,"[W,Problem.N] = UniformPoint(Problem.N,Problem.M);"
MOEA-D-DQN,MOEADDQN.m,Multi-objective optimization/MOEA-D-DQN/MOEADDQN.m,22,"[W,Problem.N] = UniformPoint(Problem.N,Problem.M);"
MOEA-D-DRA,MOEADDRA.m,Multi-objective optimization/MOEA-D-DRA/MOEADDRA.m,21,"[W,Problem.N] = UniformPoint(Problem.N,Problem.M);"
MOEA-D-DU,MOEADDU.m,Multi-objective optimization/MOEA-D-DU/MOEADDU.m,26,"[W,Problem.N] = UniformPoint(Problem.N,Problem.M);"
MOEA-D-DYTS,MOEADDYTS.m,Multi-objective optimization/MOEA-D-DYTS/MOEADDYTS.m,21,"[Weight, Problem.N] = UniformPoint(Problem.N, Problem.M);"
MOEA-D-FRRMAB,MOEADFRRMAB.m,Multi-objective optimization/MOEA-D-FRRMAB/MOEADFRRMAB.m,28,"[Weight,Problem.N] = UniformPoint(Problem.N,Problem.M);"
MOEA-D-MRDL,MOEADMRDL.m,Multi-objective optimization/MOEA-D-MRDL/MOEADMRDL.m,27,"[W,Problem.N] = UniformPoint(Problem.N,Problem.M);	% Weight vectors"
MOEA-D-PFE,MOEADPFE.m,Multi-objective optimization/MOEA-D-PFE/MOEADPFE.m,32,"[W,Problem.N] = UniformPoint(Problem.N,Problem.M,'ILD');"
MOEA-D-PaS,MOEADPaS.m,Multi-objective optimization/MOEA-D-PaS/MOEADPaS.m,21,"[W,Problem.N] = UniformPoint(Problem.N,Problem.M);"
MOEA-D-STM,MOEADSTM.m,Multi-objective optimization/MOEA-D-STM/MOEADSTM.m,21,"[W,Problem.N] = UniformPoint(Problem.N,Problem.M);"
MOEA-D-VOV,MOEADVOV.m,Multi-objective optimization/MOEA-D-VOV/MOEADVOV.m,29,"[W,Problem.N] = UniformPoint(Problem.N,Problem.M,'ILD');"
MOEA-DD,MOEADD.m,Multi-objective optimization/MOEA-DD/MOEADD.m,26,"[W,Problem.N] = UniformPoint(Problem.N,Problem.M);"
MOEA-NZD,MOEANZD.m,Multi-objective optimization/MOEA-NZD/MOEANZD.m,23,"[Z,Problem.N] = UniformPoint(Problem.N,Problem.M);"
MOEA-RE,MOEARE.m,Multi-objective optimization/MOEA-RE/MOEARE.m,25,"[W,Problem.N] = UniformPoint(Problem.N,Problem.M);"
MOMBI-II,MOMBIII.m,Multi-objective optimization/MOMBI-II/MOMBIII.m,27,"[W,Problem.N] = UniformPoint(Problem.N,Problem.M);"
MPSO-D,MPSOD.m,Multi-objective optimization/MPSO-D/MPSOD.m,22,"[W,Problem.N] = UniformPoint(Problem.N,Problem.M);"
MaOEA-IGD,MaOEAIGD.m,Multi-objective optimization/MaOEA-IGD/MaOEAIGD.m,25,"[W,Problem.N] = UniformPoint(Problem.N,Problem.M);"
NSGA-III,NSGAIII.m,Multi-objective optimization/NSGA-III/NSGAIII.m,22,"[Z,Problem.N] = UniformPoint(Problem.N,Problem.M);"
NSGAIII-EHVI,NSGAIIIEHVI.m,Multi-objective optimization/NSGAIII-EHVI/NSGAIIIEHVI.m,35,"[Z,Problem.N] = UniformPoint(Problem.N,Problem.M);"
PB-RVEA,PBRVEA.m,Multi-objective optimization/PB-RVEA/PBRVEA.m,29,"[V0,Problem.N] = UniformPoint(Problem.N,Problem.M);"
POCEA,POCEA.m,Multi-objective optimization/POCEA/POCEA.m,19,"[V0,Problem.N] = UniformPoint(Problem.N,Problem.M);"
PPS,PPS.m,Multi-objective optimization/PPS/PPS.m,28,"[W,Problem.N] = UniformPoint(Problem.N,Problem.M);"
ParEGO,ParEGO.m,Multi-objective optimization/ParEGO/ParEGO.m,27,"[W,Problem.N] = UniformPoint(Problem.N,Problem.M);"
RPD-NSGA-II,RPDNSGAII.m,Multi-objective optimization/RPD-NSGA-II/RPDNSGAII.m,22,"[RPSet,Problem.N] = UniformPoint(Problem.N,Problem.M);"
RVEA,RVEA.m,Multi-objective optimization/RVEA/RVEA.m,26,"[V0,Problem.N] = UniformPoint(Problem.N,Problem.M);"
RVEA-iGNG,RVEAiGNG.m,Multi-objective optimization/RVEA-iGNG/RVEAiGNG.m,35,"[V,Problem.N] = UniformPoint(Problem.N,Problem.M);"
RVEAa,RVEAa.m,Multi-objective optimization/RVEAa/RVEAa.m,26,"[V0,Problem.N] = UniformPoint(Problem.N,Problem.M);"
SAMOEA-TL2M,SAMOEATL2M.m,Multi-objective optimization/SAMOEA-TL2M/SAMOEATL2M.m,31,"[~,Problem.N] = UniformPoint(Problem.N,Problem.M);"
SFA-DE,SFADE.m,Multi-objective optimization/SFA-DE/SFADE.m,30,"[W, Problem.N] = UniformPoint(Problem.N, Problem.M);"
SPEA-R,SPEAR.m,Multi-objective optimization/SPEA-R/SPEAR.m,21,"[W,Problem.N] = UniformPoint(Problem.N,Problem.M);"
TELSO,TELSO.m,Multi-objective optimization/TELSO/TELSO.m,24,"[V,Problem.N] = UniformPoint(Problem.N,Problem.M);"
TS-NSGA-II,TSNSGAII.m,Multi-objective optimization/TS-NSGA-II/TSNSGAII.m,24,"[W,Problem.N] = UniformPoint(Problem.N,Problem.M);"
WASF-GA,WASFGA.m,Multi-objective optimization/WASF-GA/WASFGA.m,34,"[Vectors,Problem.N] = UniformPoint(Problem.N,Problem.M);"
WOF,WOF.m,Multi-objective optimization/WOF/WOF.m,99,"[uniW,Problem.N] = UniformPoint(Problem.N,Problem.M);"
WV-MOEA-P,WVMOEAP.m,Multi-objective optimization/WV-MOEA-P/WVMOEAP.m,26,"[W,Problem.N] = UniformPoint(Problem.N,Problem.M);"
dMOPSO,dMOPSO.m,Multi-objective optimization/dMOPSO/dMOPSO.m,25,"[W,Problem.N] = UniformPoint(Problem.N,Problem.M);"
t-DEA,tDEA.m,Multi-objective optimization/t-DEA/tDEA.m,21,"[W,Problem.N] = UniformPoint(Problem.N,Problem.M);"
tDEA-CPBI,tDEACPBI.m,Multi-objective optimization/tDEA-CPBI/tDEACPBI.m,24,"[W,Problem.N] = UniformPoint(Problem.N,Problem.M);"
