algorithm,file,assign_line,assign_text,init_line,order,uses_Z_after
,ALGORITHM.m,-1,"PARSE-FAIL",-1,parse-fail,0
,ANSGAIII.m,-1,"PARSE-FAIL",-1,parse-fail,0
,Adaptive.m,-1,"PARSE-FAIL",-1,parse-fail,0
,EnvironmentalSelection.m,-1,"PARSE-FAIL",-1,parse-fail,0
,ABSAEA.m,-1,"PARSE-FAIL",-1,parse-fail,0
,FSelection.m,-1,"PARSE-FAIL",-1,parse-fail,0
,dacefit.m,-1,"PARSE-FAIL",-1,parse-fail,0
,dsmerge.m,-1,"PARSE-FAIL",-1,parse-fail,0
,ACMMEA.m,-1,"PARSE-FAIL",-1,parse-fail,0
,CalFitness.m,-1,"PARSE-FAIL",-1,parse-fail,0
,Clustering.m,-1,"PARSE-FAIL",-1,parse-fail,0
,CpuGroup.m,-1,"PARSE-FAIL",-1,parse-fail,0
,EnvironmentalSelection.m,-1,"PARSE-FAIL",-1,parse-fail,0
,EnvironmentalSelectionS.m,-1,"PARSE-FAIL",-1,parse-fail,0
,Operator.m,-1,"PARSE-FAIL",-1,parse-fail,0
,OperatorGAhalfSMM.m,-1,"PARSE-FAIL",-1,parse-fail,0
,SubPopRank.m,-1,"PARSE-FAIL",-1,parse-fail,0
,SubPopSimility.m,-1,"PARSE-FAIL",-1,parse-fail,0
,UpdateGV.m,-1,"PARSE-FAIL",-1,parse-fail,0
,ADSAPSO.m,-1,"PARSE-FAIL",-1,parse-fail,0
,EnvironmentalSelection.m,-1,"PARSE-FAIL",-1,parse-fail,0
,Operator.m,-1,"PARSE-FAIL",-1,parse-fail,0
,Reproduction.m,-1,"PARSE-FAIL",-1,parse-fail,0
,RBFCreate.m,-1,"PARSE-FAIL",-1,parse-fail,0
,Surrogate_Predictor.m,-1,"PARSE-FAIL",-1,parse-fail,0
,Surrogate_individual.m,-1,"PARSE-FAIL",-1,parse-fail,0
,AENSGAII.m,-1,"PARSE-FAIL",-1,parse-fail,0
,AE_prediction.m,-1,"PARSE-FAIL",-1,parse-fail,0
,Changed.m,-1,"PARSE-FAIL",-1,parse-fail,0
,EnvironmentalSelection.m,-1,"PARSE-FAIL",-1,parse-fail,0
,AFSEA.m,-1,"PARSE-FAIL",-1,parse-fail,0
,EnvironmentalSelection.m,-1,"PARSE-FAIL",-1,parse-fail,0
,Operator.m,-1,"PARSE-FAIL",-1,parse-fail,0
,OperatorDelta.m,-1,"PARSE-FAIL",-1,parse-fail,0
,Relief.m,-1,"PARSE-FAIL",-1,parse-fail,0
,AGEII.m,-1,"PARSE-FAIL",-1,parse-fail,0
,EnvironmentalSelection.m,-1,"PARSE-FAIL",-1,parse-fail,0
,MatingSelection.m,-1,"PARSE-FAIL",-1,parse-fail,0
,UpdateArchive.m,-1,"PARSE-FAIL",-1,parse-fail,0
,AGEMOEA.m,-1,"PARSE-FAIL",-1,parse-fail,0
,ConvergenceScore.m,-1,"PARSE-FAIL",-1,parse-fail,0
,EnvironmentalSelection.m,-1,"PARSE-FAIL",-1,parse-fail,0
,FindCornerSolutions.m,-1,"PARSE-FAIL",-1,parse-fail,0
,Point2LineDistance.m,-1,"PARSE-FAIL",-1,parse-fail,0
,SurvivalScore.m,-1,"PARSE-FAIL",-1,parse-fail,0
,AGEMOEAII.m,-1,"PARSE-FAIL",-1,parse-fail,0
,ComputeGeometry.m,-1,"PARSE-FAIL",-1,parse-fail,0
,ConvergenceScore.m,-1,"PARSE-FAIL",-1,parse-fail,0
,EnvironmentalSelection.m,-1,"PARSE-FAIL",-1,parse-fail,0
,FindCornerSolutions.m,-1,"PARSE-FAIL",-1,parse-fail,0
,NewtonRaphsonMethod.m,-1,"PARSE-FAIL",-1,parse-fail,0
,Point2LineDistance.m,-1,"PARSE-FAIL",-1,parse-fail,0
,SurvivalScore.m,-1,"PARSE-FAIL",-1,parse-fail,0
,AGSEA.m,-1,"PARSE-FAIL",-1,parse-fail,0
,CalFitness.m,-1,"PARSE-FAIL",-1,parse-fail,0
,EnvironmentalSelection.m,-1,"PARSE-FAIL",-1,parse-fail,0
,FitnessCal.m,-1,"PARSE-FAIL",-1,parse-fail,0
,GLP_OperatorGAhalf.m,-1,"PARSE-FAIL",-1,parse-fail,0
,Operator.m,-1,"PARSE-FAIL",-1,parse-fail,0
,TrainNet.m,-1,"PARSE-FAIL",-1,parse-fail,0
,UpdateMemory.m,-1,"PARSE-FAIL",-1,parse-fail,0
,UsingNet.m,-1,"PARSE-FAIL",-1,parse-fail,0
,AMGPSL.m,-1,"PARSE-FAIL",-1,parse-fail,0
,ControlStage.m,-1,"PARSE-FAIL",-1,parse-fail,0
,EnvironmentalSelection.m,-1,"PARSE-FAIL",-1,parse-fail,0
,FitnessCal.m,-1,"PARSE-FAIL",-1,parse-fail,0
,ModelTraining.m,-1,"PARSE-FAIL",-1,parse-fail,0
,Operator.m,-1,"PARSE-FAIL",-1,parse-fail,0
,UpdateLayer.m,-1,"PARSE-FAIL",-1,parse-fail,0
,APSEA.m,-1,"PARSE-FAIL",-1,parse-fail,0
,CalFitness.m,-1,"PARSE-FAIL",-1,parse-fail,0
,EnvironmentalSelection_CDP.m,-1,"PARSE-FAIL",-1,parse-fail,0
,EnvironmentalSelection_Epsilon.m,-1,"PARSE-FAIL",-1,parse-fail,0
,EnvironmentalSelection_noConstrained.m,-1,"PARSE-FAIL",-1,parse-fail,0
,ARMOEA.m,-1,"PARSE-FAIL",-1,parse-fail,0
,CalDistance.m,-1,"PARSE-FAIL",-1,parse-fail,0
,EnvironmentalSelection.m,-1,"PARSE-FAIL",-1,parse-fail,0
,MatingSelection.m,-1,"PARSE-FAIL",-1,parse-fail,0
,UpdateRefPoint.m,-1,"PARSE-FAIL",-1,parse-fail,0
,AVGSAEA.m,-1,"PARSE-FAIL",-1,parse-fail,0
,CalFitness.m,-1,"PARSE-FAIL",-1,parse-fail,0
,CalFlag.m,-1,"PARSE-FAIL",-1,parse-fail,0
,DSelectNew.m,-1,"PARSE-FAIL",-1,parse-fail,0
,DVsetEnvironmentalSelection.m,-1,"PARSE-FAIL",-1,parse-fail,0
,DimSelect.m,-1,"PARSE-FAIL",-1,parse-fail,0
,EnvironmentalSelection.m,-1,"PARSE-FAIL",-1,parse-fail,0
,MergeSubpop.m,-1,"PARSE-FAIL",-1,parse-fail,0
,OperatorG.m,-1,"PARSE-FAIL",-1,parse-fail,0
,SelectTrainData.m,-1,"PARSE-FAIL",-1,parse-fail,0
,SubEnvironmentalSelection.m,-1,"PARSE-FAIL",-1,parse-fail,0
,AdaW.m,-1,"PARSE-FAIL",-1,parse-fail,0
,ArchiveUpdate.m,-1,"PARSE-FAIL",-1,parse-fail,0
,WeightUpdate.m,-1,"PARSE-FAIL",-1,parse-fail,0
,BCEIBEA.m,-1,"PARSE-FAIL",-1,parse-fail,0
,CalFitness.m,-1,"PARSE-FAIL",-1,parse-fail,0
,EnvironmentalSelection.m,-1,"PARSE-FAIL",-1,parse-fail,0
,Exploration.m,-1,"PARSE-FAIL",-1,parse-fail,0
,PCSelection.m,-1,"PARSE-FAIL",-1,parse-fail,0
,BCEMOEAD.m,-1,"PARSE-FAIL",-1,parse-fail,0
,Exploration.m,-1,"PARSE-FAIL",-1,parse-fail,0
,PCSelection.m,-1,"PARSE-FAIL",-1,parse-fail,0
,BLSAEA.m,-1,"PARSE-FAIL",-1,parse-fail,0
,QuadApprox.m,-1,"PARSE-FAIL",-1,parse-fail,0
,llSearch.m,-1,"PARSE-FAIL",-1,parse-fail,0
,llevaluate.m,-1,"PARSE-FAIL",-1,parse-fail,0
,srgtsKRGSetOptions.m,-1,"PARSE-FAIL",-1,parse-fail,0
,ulevaluate.m,-1,"PARSE-FAIL",-1,parse-fail,0
,BLEAQII.m,-1,"PARSE-FAIL",-1,parse-fail,0
,CalFitness.m,-1,"PARSE-FAIL",-1,parse-fail,0
,DoLocalSearch.m,-1,"PARSE-FAIL",-1,parse-fail,0
,EnvironmentalSelection.m,-1,"PARSE-FAIL",-1,parse-fail,0
,OperatorPCX.m,-1,"PARSE-FAIL",-1,parse-fail,0
,QuadApprox.m,-1,"PARSE-FAIL",-1,parse-fail,0
,getLowerLevelVariableFromMapping.m,-1,"PARSE-FAIL",-1,parse-fail,0
,getMappings.m,-1,"PARSE-FAIL",-1,parse-fail,0
,llSearch.m,-1,"PARSE-FAIL",-1,parse-fail,0
,BiCo.m,-1,"PARSE-FAIL",-1,parse-fail,0
,EnvironmentalSelection.m,-1,"PARSE-FAIL",-1,parse-fail,0
,MatingSelection.m,-1,"PARSE-FAIL",-1,parse-fail,0
,UpdateArc.m,-1,"PARSE-FAIL",-1,parse-fail,0
,BiGE.m,-1,"PARSE-FAIL",-1,parse-fail,0
,EnvironmentalSelection.m,-1,"PARSE-FAIL",-1,parse-fail,0
,Estimation.m,-1,"PARSE-FAIL",-1,parse-fail,0
,MatingSelection.m,-1,"PARSE-FAIL",-1,parse-fail,0
,CMOEAD.m,-1,"PARSE-FAIL",-1,parse-fail,0
,CTAEA.m,-1,"PARSE-FAIL",-1,parse-fail,0
,MatingSelection.m,-1,"PARSE-FAIL",-1,parse-fail,0
,UpdateCA.m,-1,"PARSE-FAIL",-1,parse-fail,0
,UpdateDA.m,-1,"PARSE-FAIL",-1,parse-fail,0
,CTSEA.m,-1,"PARSE-FAIL",-1,parse-fail,0
,CalDistance.m,-1,"PARSE-FAIL",-1,parse-fail,0
,CalFitness.m,-1,"PARSE-FAIL",-1,parse-fail,0
,EnvironmentalSelection1.m,-1,"PARSE-FAIL",-1,parse-fail,0
,EnvironmentalSelection2.m,-1,"PARSE-FAIL",-1,parse-fail,0
,MatingSelection1.m,-1,"PARSE-FAIL",-1,parse-fail,0
,MatingSelection2.m,-1,"PARSE-FAIL",-1,parse-fail,0
,UpdateArchive.m,-1,"PARSE-FAIL",-1,parse-fail,0
,UpdateRefPoint.m,-1,"PARSE-FAIL",-1,parse-fail,0
,C3M.m,-1,"PARSE-FAIL",-1,parse-fail,0
,CalFitness.m,-1,"PARSE-FAIL",-1,parse-fail,0
,EnvironmentalSelection.m,-1,"PARSE-FAIL",-1,parse-fail,0
,archive.m,-1,"PARSE-FAIL",-1,parse-fail,0
,CAMOEA.m,-1,"PARSE-FAIL",-1,parse-fail,0
,Reference_Generation.m,-1,"PARSE-FAIL",-1,parse-fail,0
,Reference_Point_Selection.m,-1,"PARSE-FAIL",-1,parse-fail,0
,CAEAD.m,-1,"PARSE-FAIL",-1,parse-fail,0
,CalFitness.m,-1,"PARSE-FAIL",-1,parse-fail,0
,EnvironmentalSelection.m,-1,"PARSE-FAIL",-1,parse-fail,0
,CCDE.m,-1,"PARSE-FAIL",-1,parse-fail,0
,CCGDE3.m,-1,"PARSE-FAIL",-1,parse-fail,0
,EnvironmentalSelection.m,-1,"PARSE-FAIL",-1,parse-fail,0
,GDE3_EnvironmentalSelection.m,-1,"PARSE-FAIL",-1,parse-fail,0
,CCMO.m,-1,"PARSE-FAIL",-1,parse-fail,0
,CalFitness.m,-1,"PARSE-FAIL",-1,parse-fail,0
,EnvironmentalSelection.m,-1,"PARSE-FAIL",-1,parse-fail,0
,CGLP.m,-1,"PARSE-FAIL",-1,parse-fail,0
,CGLP_pre.m,-1,"PARSE-FAIL",-1,parse-fail,0
,DLCM.m,-1,"PARSE-FAIL",-1,parse-fail,0
,EnvironmentalSelection.m,-1,"PARSE-FAIL",-1,parse-fail,0
,Get_C.m,-1,"PARSE-FAIL",-1,parse-fail,0
,LocalPCA.m,-1,"PARSE-FAIL",-1,parse-fail,0
,Operator.m,-1,"PARSE-FAIL",-1,parse-fail,0
,addNoise.m,-1,"PARSE-FAIL",-1,parse-fail,0
,selfadjust.m,-1,"PARSE-FAIL",-1,parse-fail,0
,CI.m,-1,"PARSE-FAIL",-1,parse-fail,0
,CIEMO.m,-1,"PARSE-FAIL",-1,parse-fail,0
,CS.m,-1,"PARSE-FAIL",-1,parse-fail,0
,GP_estimate.m,-1,"PARSE-FAIL",-1,parse-fail,0
,NSGAIII_opt.m,-1,"PARSE-FAIL",-1,parse-fail,0
,dacefit.m,-1,"PARSE-FAIL",-1,parse-fail,0
,generateOffing.m,-1,"PARSE-FAIL",-1,parse-fail,0
,nsga3EnvironmentalSelection.m,-1,"PARSE-FAIL",-1,parse-fail,0
,predictor.m,-1,"PARSE-FAIL",-1,parse-fail,0
,CKAnD.m,-1,"PARSE-FAIL",-1,parse-fail,0
,EnvironmentalSelection.m,-1,"PARSE-FAIL",-1,parse-fail,0
,candidate_selection.m,-1,"PARSE-FAIL",-1,parse-fail,0
,dacefit.m,-1,"PARSE-FAIL",-1,parse-fail,0
,evolutionary_search.m,-1,"PARSE-FAIL",-1,parse-fail,0
,predictor.m,-1,"PARSE-FAIL",-1,parse-fail,0
,CLIA.m,-1,"PARSE-FAIL",-1,parse-fail,0
,cascade_cluster.m,-1,"PARSE-FAIL",-1,parse-fail,0
,crowding_pick.m,-1,"PARSE-FAIL",-1,parse-fail,0
,find_frontiers.m,-1,"PARSE-FAIL",-1,parse-fail,0
,generate_reference.m,-1,"PARSE-FAIL",-1,parse-fail,0
,incremental_learn.m,-1,"PARSE-FAIL",-1,parse-fail,0
,initialize.m,-1,"PARSE-FAIL",-1,parse-fail,0
,normalization.m,-1,"PARSE-FAIL",-1,parse-fail,0
,pair.m,-1,"PARSE-FAIL",-1,parse-fail,0
,update_archive.m,-1,"PARSE-FAIL",-1,parse-fail,0
,bookkeeping.m,-1,"PARSE-FAIL",-1,parse-fail,0
,gestloo.m,-1,"PARSE-FAIL",-1,parse-fail,0
,kernel.m,-1,"PARSE-FAIL",-1,parse-fail,0
,kevals.m,-1,"PARSE-FAIL",-1,parse-fail,0
,kevalsreset.m,-1,"PARSE-FAIL",-1,parse-fail,0
,learn.m,-1,"PARSE-FAIL",-1,parse-fail,0
,loadclass.m,-1,"PARSE-FAIL",-1,parse-fail,0
,looest.m,-1,"PARSE-FAIL",-1,parse-fail,0
,min_delta.m,-1,"PARSE-FAIL",-1,parse-fail,0
,min_delta_acb.m,-1,"PARSE-FAIL",-1,parse-fail,0
,min_delta_p_c.m,-1,"PARSE-FAIL",-1,parse-fail,0
,min_delta_p_s.m,-1,"PARSE-FAIL",-1,parse-fail,0
,move_ind.m,-1,"PARSE-FAIL",-1,parse-fail,0
,move_indr.m,-1,"PARSE-FAIL",-1,parse-fail,0
,perts.m,-1,"PARSE-FAIL",-1,parse-fail,0
,perturbc.m,-1,"PARSE-FAIL",-1,parse-fail,0
,perturbk.m,-1,"PARSE-FAIL",-1,parse-fail,0
,plot2dkm.m,-1,"PARSE-FAIL",-1,parse-fail,0
,saveclass.m,-1,"PARSE-FAIL",-1,parse-fail,0
,svmeval.m,-1,"PARSE-FAIL",-1,parse-fail,0
,svmloo.m,-1,"PARSE-FAIL",-1,parse-fail,0
,svmtrain.m,-1,"PARSE-FAIL",-1,parse-fail,0
,svmtrain2.m,-1,"PARSE-FAIL",-1,parse-fail,0
,unlearn.m,-1,"PARSE-FAIL",-1,parse-fail,0
,updateRQ.m,-1,"PARSE-FAIL",-1,parse-fail,0
,CMDEIPCM.m,-1,"PARSE-FAIL",-1,parse-fail,0
,CalFitness.m,-1,"PARSE-FAIL",-1,parse-fail,0
,DEgenerator.m,-1,"PARSE-FAIL",-1,parse-fail,0
,EnvironmentalSelection1.m,-1,"PARSE-FAIL",-1,parse-fail,0
,EnvironmentalSelection2.m,-1,"PARSE-FAIL",-1,parse-fail,0
,CMEGL.m,-1,"PARSE-FAIL",-1,parse-fail,0
,CalFitness.m,-1,"PARSE-FAIL",-1,parse-fail,0
,EnvironmentalSelection.m,-1,"PARSE-FAIL",-1,parse-fail,0
,EnvironmentalSelection_LAT.m,-1,"PARSE-FAIL",-1,parse-fail,0
,CMME.m,-1,"PARSE-FAIL",-1,parse-fail,0
,CalFitness1.m,-1,"PARSE-FAIL",-1,parse-fail,0
,CalFitness2.m,-1,"PARSE-FAIL",-1,parse-fail,0
,DensityEstimate.m,-1,"PARSE-FAIL",-1,parse-fail,0
,EnvironmentalSelection.m,-1,"PARSE-FAIL",-1,parse-fail,0
,tNDSort.m,-1,"PARSE-FAIL",-1,parse-fail,0
,CMMO.m,-1,"PARSE-FAIL",-1,parse-fail,0
,CalFitness.m,-1,"PARSE-FAIL",-1,parse-fail,0
,CalFitnessDecEpsilon.m,-1,"PARSE-FAIL",-1,parse-fail,0
,EnvironmentalSelection.m,-1,"PARSE-FAIL",-1,parse-fail,0
,EnvironmentalSelectionDec.m,-1,"PARSE-FAIL",-1,parse-fail,0
,CMOBR.m,-1,"PARSE-FAIL",-1,parse-fail,0
,CalFitness.m,-1,"PARSE-FAIL",-1,parse-fail,0
,archive.m,-1,"PARSE-FAIL",-1,parse-fail,0
,CMOCEADDAP.m,-1,"PARSE-FAIL",-1,parse-fail,0
,CalFitness.m,-1,"PARSE-FAIL",-1,parse-fail,0
,DivEnhancement.m,-1,"PARSE-FAIL",-1,parse-fail,0
,EnvironmentalSelection_CDP.m,-1,"PARSE-FAIL",-1,parse-fail,0
,operator_DE.m,-1,"PARSE-FAIL",-1,parse-fail,0
,operator_GA.m,-1,"PARSE-FAIL",-1,parse-fail,0
,CMOCSO.m,-1,"PARSE-FAIL",-1,parse-fail,0
,CalFitness.m,-1,"PARSE-FAIL",-1,parse-fail,0
,CompetitiveOperator.m,-1,"PARSE-FAIL",-1,parse-fail,0
,CooperativeOperator.m,-1,"PARSE-FAIL",-1,parse-fail,0
,UpdateP.m,-1,"PARSE-FAIL",-1,parse-fail,0
,UpdateP1.m,-1,"PARSE-FAIL",-1,parse-fail,0
,UpdateP2.m,-1,"PARSE-FAIL",-1,parse-fail,0
,CMODEFTR.m,-1,"PARSE-FAIL",-1,parse-fail,0
,DEgenerator2.m,-1,"PARSE-FAIL",-1,parse-fail,0
,EnvironmentalSelection.m,-1,"PARSE-FAIL",-1,parse-fail,0
,CMODRL.m,-1,"PARSE-FAIL",-1,parse-fail,0
,CalFitness.m,-1,"PARSE-FAIL",-1,parse-fail,0
,CalFitnessFe.m,-1,"PARSE-FAIL",-1,parse-fail,0
,DAE.m,-1,"PARSE-FAIL",-1,parse-fail,0
,EnvironmentalSelection.m,-1,"PARSE-FAIL",-1,parse-fail,0
,EnvironmentalSelectionFe.m,-1,"PARSE-FAIL",-1,parse-fail,0
,TrainActor.m,-1,"PARSE-FAIL",-1,parse-fail,0
,UpdateActor.m,-1,"PARSE-FAIL",-1,parse-fail,0
,TrainCritic.m,-1,"PARSE-FAIL",-1,parse-fail,0
,UpdateCritic.m,-1,"PARSE-FAIL",-1,parse-fail,0
,TrainDQN.m,-1,"PARSE-FAIL",-1,parse-fail,0
,UpdateDQN.m,-1,"PARSE-FAIL",-1,parse-fail,0
,AdaSearch.m,-1,"PARSE-FAIL",-1,parse-fail,0
,AdaSelection.m,-1,"PARSE-FAIL",-1,parse-fail,0
,ApplyRL.m,-1,"PARSE-FAIL",-1,parse-fail,0
,BuildRL.m,-1,"PARSE-FAIL",-1,parse-fail,0
,CMOEA2S.m,-1,"PARSE-FAIL",-1,parse-fail,0
,EstimateReward.m,-1,"PARSE-FAIL",-1,parse-fail,0
,EstimateState.m,-1,"PARSE-FAIL",-1,parse-fail,0
,ExcuteAction.m,-1,"PARSE-FAIL",-1,parse-fail,0
,FormPopulation.m,-1,"PARSE-FAIL",-1,parse-fail,0
,UpdateRL.m,-1,"PARSE-FAIL",-1,parse-fail,0
,CMOEAAOP.m,-1,"PARSE-FAIL",-1,parse-fail,0
,CalFitness.m,-1,"PARSE-FAIL",-1,parse-fail,0
,DDPG.m,-1,"PARSE-FAIL",-1,parse-fail,0
,DEBest.m,-1,"PARSE-FAIL",-1,parse-fail,0
,EnvironmentalSelection.m,-1,"PARSE-FAIL",-1,parse-fail,0
,GenerateSample.m,-1,"PARSE-FAIL",-1,parse-fail,0
,OperatorConstrainedAOP.m,-1,"PARSE-FAIL",-1,parse-fail,0
,CMOEACD.m,-1,"PARSE-FAIL",-1,parse-fail,0
,DiversityEnhancementArchive.m,-1,"PARSE-FAIL",-1,parse-fail,0
,DominationCal.m,-1,"PARSE-FAIL",-1,parse-fail,0
,FeasibilityExploitationArchive.m,-1,"PARSE-FAIL",-1,parse-fail,0
,ForwardExplorationArchive.m,-1,"PARSE-FAIL",-1,parse-fail,0
,CMOEAMS.m,-1,"PARSE-FAIL",-1,parse-fail,0
,CalFitness.m,-1,"PARSE-FAIL",-1,parse-fail,0
,CalSDE.m,-1,"PARSE-FAIL",-1,parse-fail,0
,EnvironmentalSelection.m,-1,"PARSE-FAIL",-1,parse-fail,0
,CMOEAMSG.m,-1,"PARSE-FAIL",-1,parse-fail,0
,CalFitness.m,-1,"PARSE-FAIL",-1,parse-fail,0
,Compare.m,-1,"PARSE-FAIL",-1,parse-fail,0
,Constraint_priority.m,-1,"PARSE-FAIL",-1,parse-fail,0
,EnvironmentalSelection.m,-1,"PARSE-FAIL",-1,parse-fail,0
,EnvironmentalSelection1.m,-1,"PARSE-FAIL",-1,parse-fail,0
,Gradient.m,-1,"PARSE-FAIL",-1,parse-fail,0
,Selection.m,-1,"PARSE-FAIL",-1,parse-fail,0
,CMOEBOD.m,-1,"PARSE-FAIL",-1,parse-fail,0
,EnvironmentalSelection.m,-1,"PARSE-FAIL",-1,parse-fail,0
,NewSelect.m,-1,"PARSE-FAIL",-1,parse-fail,0
,PUpdate.m,-1,"PARSE-FAIL",-1,parse-fail,0
,dacefit.m,-1,"PARSE-FAIL",-1,parse-fail,0
,predictor.m,-1,"PARSE-FAIL",-1,parse-fail,0
,CMOEMT.m,-1,"PARSE-FAIL",-1,parse-fail,0
,CalFitness.m,-1,"PARSE-FAIL",-1,parse-fail,0
,EnvironmentalSelectionT1.m,-1,"PARSE-FAIL",-1,parse-fail,0
,EnvironmentalSelectionT2.m,-1,"PARSE-FAIL",-1,parse-fail,0
,EnvironmentalSelectionT3.m,-1,"PARSE-FAIL",-1,parse-fail,0
,CMOES.m,-1,"PARSE-FAIL",-1,parse-fail,0
,CalFitness.m,-1,"PARSE-FAIL",-1,parse-fail,0
,EnvironmentalSelection.m,-1,"PARSE-FAIL",-1,parse-fail,0
,EnvironmentalSelection_NSGA2.m,-1,"PARSE-FAIL",-1,parse-fail,0
,EvenSearch.m,-1,"PARSE-FAIL",-1,parse-fail,0
,GetLable.m,-1,"PARSE-FAIL",-1,parse-fail,0
,CMOPSO.m,-1,"PARSE-FAIL",-1,parse-fail,0
,EnvironmentalSelection.m,-1,"PARSE-FAIL",-1,parse-fail,0
,Operator.m,-1,"PARSE-FAIL",-1,parse-fail,0
,CMOQLMT.m,-1,"PARSE-FAIL",-1,parse-fail,0
,CalFitness.m,-1,"PARSE-FAIL",-1,parse-fail,0
,EnvironmentalSelectionT1.m,-1,"PARSE-FAIL",-1,parse-fail,0
,EnvironmentalSelectionT2.m,-1,"PARSE-FAIL",-1,parse-fail,0
,EnvironmentalSelectionT3.m,-1,"PARSE-FAIL",-1,parse-fail,0
,ICMA_Update.m,-1,"PARSE-FAIL",-1,parse-fail,0
,Indicator_based_CHT.m,-1,"PARSE-FAIL",-1,parse-fail,0
,Neighbor_Pairing_Strategy.m,-1,"PARSE-FAIL",-1,parse-fail,0
,Selection_Operator_of_PREA.m,-1,"PARSE-FAIL",-1,parse-fail,0
,Associate.m,-1,"PARSE-FAIL",-1,parse-fail,0
,CMOSMA.m,-1,"PARSE-FAIL",-1,parse-fail,0
,CalFitness.m,-1,"PARSE-FAIL",-1,parse-fail,0
,EnvironmentalSelection.m,-1,"PARSE-FAIL",-1,parse-fail,0
,Initialize_SOM.m,-1,"PARSE-FAIL",-1,parse-fail,0
,MatingPool.m,-1,"PARSE-FAIL",-1,parse-fail,0
,UpdateSOM.m,-1,"PARSE-FAIL",-1,parse-fail,0
,CMaDPPs.m,-1,"PARSE-FAIL",-1,parse-fail,0
,EnvironmentalSelection.m,-1,"PARSE-FAIL",-1,parse-fail,0
,Indicator_Cal.m,-1,"PARSE-FAIL",-1,parse-fail,0
,MatingSelection.m,-1,"PARSE-FAIL",-1,parse-fail,0
,UpdateArchive.m,-1,"PARSE-FAIL",-1,parse-fail,0
,UpdateCSA.m,-1,"PARSE-FAIL",-1,parse-fail,0
,decompose_kernel.m,-1,"PARSE-FAIL",-1,parse-fail,0
,sample_dpp.m,-1,"PARSE-FAIL",-1,parse-fail,0
,CNSDEDVC.m,-1,"PARSE-FAIL",-1,parse-fail,0
,DVC.m,-1,"PARSE-FAIL",-1,parse-fail,0
,EnvironmentalSelection.m,-1,"PARSE-FAIL",-1,parse-fail,0
,CPCMO.m,-1,"PARSE-FAIL",-1,parse-fail,0
,CalFitness.m,-1,"PARSE-FAIL",-1,parse-fail,0
,CalFitness_epsilon.m,-1,"PARSE-FAIL",-1,parse-fail,0
,Calculate_fit.m,-1,"PARSE-FAIL",-1,parse-fail,0
,Calculate_p.m,-1,"PARSE-FAIL",-1,parse-fail,0
,Cauchy_II3.m,-1,"PARSE-FAIL",-1,parse-fail,0
,EnvironmentalSelection.m,-1,"PARSE-FAIL",-1,parse-fail,0
,EnvironmentalSelection_alone.m,-1,"PARSE-FAIL",-1,parse-fail,0
,EnvironmentalSelection_cd.m,-1,"PARSE-FAIL",-1,parse-fail,0
,EnvironmentalSelection_cov.m,-1,"PARSE-FAIL",-1,parse-fail,0
,EnvironmentalSelection_epsilon.m,-1,"PARSE-FAIL",-1,parse-fail,0
,Priority.m,-1,"PARSE-FAIL",-1,parse-fail,0
,UpdateA_II.m,-1,"PARSE-FAIL",-1,parse-fail,0
,CPSMOEA.m,-1,"PARSE-FAIL",-1,parse-fail,0
,KNN.m,-1,"PARSE-FAIL",-1,parse-fail,0
,NDS.m,-1,"PARSE-FAIL",-1,parse-fail,0
,Operator.m,-1,"PARSE-FAIL",-1,parse-fail,0
,CSEA.m,-1,"PARSE-FAIL",-1,parse-fail,0
,DataProcess.m,-1,"PARSE-FAIL",-1,parse-fail,0
,GetOutput.m,-1,"PARSE-FAIL",-1,parse-fail,0
,RadarGrid.m,-1,"PARSE-FAIL",-1,parse-fail,0
,RefSelect.m,-1,"PARSE-FAIL",-1,parse-fail,0
,SurrogateAssistedSelection.m,-1,"PARSE-FAIL",-1,parse-fail,0
,Analysis_of_relationship.m,-1,"PARSE-FAIL",-1,parse-fail,0
,Analysis_of_relationship2.m,-1,"PARSE-FAIL",-1,parse-fail,0
,CSEMT.m,-1,"PARSE-FAIL",-1,parse-fail,0
,CalFitness.m,-1,"PARSE-FAIL",-1,parse-fail,0
,Convertion.m,-1,"PARSE-FAIL",-1,parse-fail,0
,EnvironmentalSelection.m,-1,"PARSE-FAIL",-1,parse-fail,0
,ICalFitness.m,-1,"PARSE-FAIL",-1,parse-fail,0
,Normalization.m,-1,"PARSE-FAIL",-1,parse-fail,0
,CalFitness.m,-1,"PARSE-FAIL",-1,parse-fail,0
,CoMMEA.m,-1,"PARSE-FAIL",-1,parse-fail,0
,Crowding.m,-1,"PARSE-FAIL",-1,parse-fail,0
,EnvironmentalSelection1.m,-1,"PARSE-FAIL",-1,parse-fail,0
,EnvironmentalSelection2.m,-1,"PARSE-FAIL",-1,parse-fail,0
,DAEA.m,-1,"PARSE-FAIL",-1,parse-fail,0
,CalFitness.m,-1,"PARSE-FAIL",-1,parse-fail,0
,DBEMTO.m,-1,"PARSE-FAIL",-1,parse-fail,0
,EnvironmentalSelection.m,-1,"PARSE-FAIL",-1,parse-fail,0
,boundConstraint.m,-1,"PARSE-FAIL",-1,parse-fail,0
,gnR1R2R3.m,-1,"PARSE-FAIL",-1,parse-fail,0
,DCNSGAIII.m,-1,"PARSE-FAIL",-1,parse-fail,0
,EnvironmentalSelection.m,-1,"PARSE-FAIL",-1,parse-fail,0
,ReduceBoundary.m,-1,"PARSE-FAIL",-1,parse-fail,0
,ArchiveUpdate.m,-1,"PARSE-FAIL",-1,parse-fail,0
,DEAGNG.m,-1,"PARSE-FAIL",-1,parse-fail,0
,ESelection.m,-1,"PARSE-FAIL",-1,parse-fail,0
,GNGUpdate.m,-1,"PARSE-FAIL",-1,parse-fail,0
,ReferenceCombination.m,-1,"PARSE-FAIL",-1,parse-fail,0
,TunePBI.m,-1,"PARSE-FAIL",-1,parse-fail,0
,DGEA.m,-1,"PARSE-FAIL",-1,parse-fail,0
,DirectionReproduction.m,-1,"PARSE-FAIL",-1,parse-fail,0
,PreSelection.m,-1,"PARSE-FAIL",-1,parse-fail,0
,subIBEA.m,-1,"PARSE-FAIL",-1,parse-fail,0
,subNSGAII.m,-1,"PARSE-FAIL",-1,parse-fail,0
,subNSGAIII.m,-1,"PARSE-FAIL",-1,parse-fail,0
,subRVEA.m,-1,"PARSE-FAIL",-1,parse-fail,0
,subSPEA2.m,-1,"PARSE-FAIL",-1,parse-fail,0
,DISK.m,-1,"PARSE-FAIL",-1,parse-fail,0
,EnvironmentalSelection.m,-1,"PARSE-FAIL",-1,parse-fail,0
,IdentifyW.m,-1,"PARSE-FAIL",-1,parse-fail,0
,LocalSearch.m,-1,"PARSE-FAIL",-1,parse-fail,0
,NDSort_DIPD.m,-1,"PARSE-FAIL",-1,parse-fail,0
,NewSelect.m,-1,"PARSE-FAIL",-1,parse-fail,0
,OperatorDE_current_rand_1.m,-1,"PARSE-FAIL",-1,parse-fail,0
,OperatorDE_rand_1.m,-1,"PARSE-FAIL",-1,parse-fail,0
,SEnvironmentalSelection.m,-1,"PARSE-FAIL",-1,parse-fail,0
,dacefit.m,-1,"PARSE-FAIL",-1,parse-fail,0
,predictor.m,-1,"PARSE-FAIL",-1,parse-fail,0
,DISKplus.m,-1,"PARSE-FAIL",-1,parse-fail,0
,EnvironmentalSelection.m,-1,"PARSE-FAIL",-1,parse-fail,0
,IdentifyW.m,-1,"PARSE-FAIL",-1,parse-fail,0
,LocalSearch.m,-1,"PARSE-FAIL",-1,parse-fail,0
,NDSort_CDIPD.m,-1,"PARSE-FAIL",-1,parse-fail,0
,NewSelect.m,-1,"PARSE-FAIL",-1,parse-fail,0
,OperatorDE_current_rand_1.m,-1,"PARSE-FAIL",-1,parse-fail,0
,OperatorDE_rand_1.m,-1,"PARSE-FAIL",-1,parse-fail,0
,SEnvironmentalSelection.m,-1,"PARSE-FAIL",-1,parse-fail,0
,dacefit.m,-1,"PARSE-FAIL",-1,parse-fail,0
,predictor.m,-1,"PARSE-FAIL",-1,parse-fail,0
,DKCA.m,-1,"PARSE-FAIL",-1,parse-fail,0
,DimBase.m,-1,"PARSE-FAIL",-1,parse-fail,0
,DimSelection.m,-1,"PARSE-FAIL",-1,parse-fail,0
,EnvironmentalSelection.m,-1,"PARSE-FAIL",-1,parse-fail,0
,EnvironmentalSelection_withoutDec.m,-1,"PARSE-FAIL",-1,parse-fail,0
,Operator.m,-1,"PARSE-FAIL",-1,parse-fail,0
,DMMOEA.m,-1,"PARSE-FAIL",-1,parse-fail,0
,EnvironmentalSelection.m,-1,"PARSE-FAIL",-1,parse-fail,0
,GLP_OperatorGAhalf.m,-1,"PARSE-FAIL",-1,parse-fail,0
,MLP.m,-1,"PARSE-FAIL",-1,parse-fail,0
,Operator.m,-1,"PARSE-FAIL",-1,parse-fail,0
,Prediction.m,-1,"PARSE-FAIL",-1,parse-fail,0
,SVR.m,-1,"PARSE-FAIL",-1,parse-fail,0
,DMOEAeC.m,-1,"PARSE-FAIL",-1,parse-fail,0
,UpdateArchive.m,-1,"PARSE-FAIL",-1,parse-fail,0
,DNNSGAII.m,-1,"PARSE-FAIL",-1,parse-fail,0
,EnvironmentalSelection.m,-1,"PARSE-FAIL",-1,parse-fail,0
,TournamentSelection_Mod.m,-1,"PARSE-FAIL",-1,parse-fail,0
,Changed.m,-1,"PARSE-FAIL",-1,parse-fail,0
,DNSGAII.m,-1,"PARSE-FAIL",-1,parse-fail,0
,EnvironmentalSelection.m,-1,"PARSE-FAIL",-1,parse-fail,0
,Reinitialization.m,-1,"PARSE-FAIL",-1,parse-fail,0
,CalFitness.m,-1,"PARSE-FAIL",-1,parse-fail,0
,DPPPS.m,-1,"PARSE-FAIL",-1,parse-fail,0
,EnvironmentalSelection.m,-1,"PARSE-FAIL",-1,parse-fail,0
,EnvironmentalSelection_noCon.m,-1,"PARSE-FAIL",-1,parse-fail,0
,archive.m,-1,"PARSE-FAIL",-1,parse-fail,0
,Archive.m,-1,"PARSE-FAIL",-1,parse-fail,0
,CalFitness_pop1.m,-1,"PARSE-FAIL",-1,parse-fail,0
,CalFitness_pop2.m,-1,"PARSE-FAIL",-1,parse-fail,0
,Constraint_priority.m,-1,"PARSE-FAIL",-1,parse-fail,0
,Convertion.m,-1,"PARSE-FAIL",-1,parse-fail,0
,DPCPRA.m,-1,"PARSE-FAIL",-1,parse-fail,0
,EnvironmentalSelection_pop1.m,-1,"PARSE-FAIL",-1,parse-fail,0
,EnvironmentalSelection_pop2.m,-1,"PARSE-FAIL",-1,parse-fail,0
,Normalization.m,-1,"PARSE-FAIL",-1,parse-fail,0
,CalFitness.m,-1,"PARSE-FAIL",-1,parse-fail,0
,DPVAPS.m,-1,"PARSE-FAIL",-1,parse-fail,0
,EnvironmentalSelection.m,-1,"PARSE-FAIL",-1,parse-fail,0
,CalFitness.m,-1,"PARSE-FAIL",-1,parse-fail,0
,DDQN.m,-1,"PARSE-FAIL",-1,parse-fail,0
,DRLSAEA.m,-1,"PARSE-FAIL",-1,parse-fail,0
,EnvironmentalSelection.m,-1,"PARSE-FAIL",-1,parse-fail,0
,Experience_Replay.m,-1,"PARSE-FAIL",-1,parse-fail,0
,GenerateSample.m,-1,"PARSE-FAIL",-1,parse-fail,0
,UpdateArchive.m,-1,"PARSE-FAIL",-1,parse-fail,0
,UpdatePopulation.m,-1,"PARSE-FAIL",-1,parse-fail,0
,dacefit.m,-1,"PARSE-FAIL",-1,parse-fail,0
,predictor.m,-1,"PARSE-FAIL",-1,parse-fail,0
,CalFitness.m,-1,"PARSE-FAIL",-1,parse-fail,0
,DRLOSEMCMO.m,-1,"PARSE-FAIL",-1,parse-fail,0
,EnvironmentalSelection.m,-1,"PARSE-FAIL",-1,parse-fail,0
,Estimate.m,-1,"PARSE-FAIL",-1,parse-fail,0
,MgaussRandom.m,-1,"PARSE-FAIL",-1,parse-fail,0
,dropout.m,-1,"PARSE-FAIL",-1,parse-fail,0
,iniA.m,-1,"PARSE-FAIL",-1,parse-fail,0
,testNet.m,-1,"PARSE-FAIL",-1,parse-fail,0
,trainNet.m,-1,"PARSE-FAIL",-1,parse-fail,0
,trainmodel.m,-1,"PARSE-FAIL",-1,parse-fail,0
,updatemodel.m,-1,"PARSE-FAIL",-1,parse-fail,0
,DEgenerator2.m,-1,"PARSE-FAIL",-1,parse-fail,0
,DSPCMDE.m,-1,"PARSE-FAIL",-1,parse-fail,0
,EnvironmentalSelection.m,-1,"PARSE-FAIL",-1,parse-fail,0
,ALDVA.m,-1,"PARSE-FAIL",-1,parse-fail,0
,DSSEA.m,-1,"PARSE-FAIL",-1,parse-fail,0
,EnvironmentalSelection.m,-1,"PARSE-FAIL",-1,parse-fail,0
,OperatorDE_pbest_1.m,-1,"PARSE-FAIL",-1,parse-fail,0
,OperatorDE_pbest_1_main_OP.m,-1,"PARSE-FAIL",-1,parse-fail,0
,OperatorGA_OP.m,-1,"PARSE-FAIL",-1,parse-fail,0
,gnR1R2R3.m,-1,"PARSE-FAIL",-1,parse-fail,0
,CalFitness.m,-1,"PARSE-FAIL",-1,parse-fail,0
,CalFitness_E.m,-1,"PARSE-FAIL",-1,parse-fail,0
,DEgenerator_better.m,-1,"PARSE-FAIL",-1,parse-fail,0
,DVCEA.m,-1,"PARSE-FAIL",-1,parse-fail,0
,Improve_E_EnvironmentalSelection.m,-1,"PARSE-FAIL",-1,parse-fail,0
,OperatorDE_pbest_1.m,-1,"PARSE-FAIL",-1,parse-fail,0
,OperatorDE_pbest_1_main.m,-1,"PARSE-FAIL",-1,parse-fail,0
,Variable_classification.m,-1,"PARSE-FAIL",-1,parse-fail,0
,gnR1R2R3.m,-1,"PARSE-FAIL",-1,parse-fail,0
,DWU.m,-1,"PARSE-FAIL",-1,parse-fail,0
,EnvironmentalSelection.m,-1,"PARSE-FAIL",-1,parse-fail,0
,ReplacementUniformity.m,-1,"PARSE-FAIL",-1,parse-fail,0
,DirHVEI.m,-1,"PARSE-FAIL",-1,parse-fail,0
,Opt_DirHV_EI.m,-1,"PARSE-FAIL",-1,parse-fail,0
,Dacefit.m,-1,"PARSE-FAIL",-1,parse-fail,0
,Predictor.m,-1,"PARSE-FAIL",-1,parse-fail,0
,corrcubic.m,-1,"PARSE-FAIL",-1,parse-fail,0
,correxp.m,-1,"PARSE-FAIL",-1,parse-fail,0
,correxpg.m,-1,"PARSE-FAIL",-1,parse-fail,0
,corrgauss.m,-1,"PARSE-FAIL",-1,parse-fail,0
,corrlin.m,-1,"PARSE-FAIL",-1,parse-fail,0
,corrspherical.m,-1,"PARSE-FAIL",-1,parse-fail,0
,corrspline.m,-1,"PARSE-FAIL",-1,parse-fail,0
,regpoly0.m,-1,"PARSE-FAIL",-1,parse-fail,0
,regpoly1.m,-1,"PARSE-FAIL",-1,parse-fail,0
,regpoly2.m,-1,"PARSE-FAIL",-1,parse-fail,0
,EAGMOEAD.m,-1,"PARSE-FAIL",-1,parse-fail,0
,MatingSelection.m,-1,"PARSE-FAIL",-1,parse-fail,0
,UpdateArchive.m,-1,"PARSE-FAIL",-1,parse-fail,0
,UpdatePopulation.m,-1,"PARSE-FAIL",-1,parse-fail,0
,CalDistance.m,-1,"PARSE-FAIL",-1,parse-fail,0
,EDNARMOEA.m,-1,"PARSE-FAIL",-1,parse-fail,0
,EnvironmentalSelection.m,-1,"PARSE-FAIL",-1,parse-fail,0
,IndividualSelect.m,-1,"PARSE-FAIL",-1,parse-fail,0
,MatingSelection.m,-1,"PARSE-FAIL",-1,parse-fail,0
,SelectTrainData.m,-1,"PARSE-FAIL",-1,parse-fail,0
,UpdateRefPoint.m,-1,"PARSE-FAIL",-1,parse-fail,0
,Estimate.m,-1,"PARSE-FAIL",-1,parse-fail,0
,MgaussRandom.m,-1,"PARSE-FAIL",-1,parse-fail,0
,dropout.m,-1,"PARSE-FAIL",-1,parse-fail,0
,iniA.m,-1,"PARSE-FAIL",-1,parse-fail,0
,testNet.m,-1,"PARSE-FAIL",-1,parse-fail,0
,trainNet.m,-1,"PARSE-FAIL",-1,parse-fail,0
,trainmodel.m,-1,"PARSE-FAIL",-1,parse-fail,0
,updatemodel.m,-1,"PARSE-FAIL",-1,parse-fail,0
,EFRRR.m,-1,"PARSE-FAIL",-1,parse-fail,0
,EnvironmentalSelection.m,-1,"PARSE-FAIL",-1,parse-fail,0
,MaximumRanking.m,-1,"PARSE-FAIL",-1,parse-fail,0
,Normalization.m,-1,"PARSE-FAIL",-1,parse-fail,0
,CI.m,-1,"PARSE-FAIL",-1,parse-fail,0
,CIS.m,-1,"PARSE-FAIL",-1,parse-fail,0
,CreateGroups.m,-1,"PARSE-FAIL",-1,parse-fail,0
,EGES.m,-1,"PARSE-FAIL",-1,parse-fail,0
,GES.m,-1,"PARSE-FAIL",-1,parse-fail,0
,GESoperating.m,-1,"PARSE-FAIL",-1,parse-fail,0
,NSGAIIIEnvironmentalSelection.m,-1,"PARSE-FAIL",-1,parse-fail,0
,EIMEGO.m,-1,"PARSE-FAIL",-1,parse-fail,0
,InfillSamplingEIM.m,-1,"PARSE-FAIL",-1,parse-fail,0
,dacefit.m,-1,"PARSE-FAIL",-1,parse-fail,0
,predictor.m,-1,"PARSE-FAIL",-1,parse-fail,0
,ArchiveUpdate.m,-1,"PARSE-FAIL",-1,parse-fail,0
,CDPEnvironmentalSelection.m,-1,"PARSE-FAIL",-1,parse-fail,0
,EM_SAEA.m,-1,"PARSE-FAIL",-1,parse-fail,0
,KEnvironmentalSelection.m,-1,"PARSE-FAIL",-1,parse-fail,0
,KrigingSelect.m,-1,"PARSE-FAIL",-1,parse-fail,0
,KrigingSelect_RVMM.m,-1,"PARSE-FAIL",-1,parse-fail,0
,RVMM_IGD.m,-1,"PARSE-FAIL",-1,parse-fail,0
,dacefit.m,-1,"PARSE-FAIL",-1,parse-fail,0
,predictor.m,-1,"PARSE-FAIL",-1,parse-fail,0
,Auxiliray_task_EnvironmentalSelection.m,-1,"PARSE-FAIL",-1,parse-fail,0
,CMMS.m,-1,"PARSE-FAIL",-1,parse-fail,0
,CalFitness.m,-1,"PARSE-FAIL",-1,parse-fail,0
,EMCMMS.m,-1,"PARSE-FAIL",-1,parse-fail,0
,Main_task_EnvironmentalSelection.m,-1,"PARSE-FAIL",-1,parse-fail,0
,CalFitness.m,-1,"PARSE-FAIL",-1,parse-fail,0
,EMCMO.m,-1,"PARSE-FAIL",-1,parse-fail,0
,EnvironmentalSelection.m,-1,"PARSE-FAIL",-1,parse-fail,0
,EMMOEA.m,-1,"PARSE-FAIL",-1,parse-fail,0
,KrigingSelection.m,-1,"PARSE-FAIL",-1,parse-fail,0
,dacefit.m,-1,"PARSE-FAIL",-1,parse-fail,0
,predictor.m,-1,"PARSE-FAIL",-1,parse-fail,0
,EMOSKT.m,-1,"PARSE-FAIL",-1,parse-fail,0
,MOEAPSL_EnvironmentalSelection.m,-1,"PARSE-FAIL",-1,parse-fail,0
,OP_SparseEA.m,-1,"PARSE-FAIL",-1,parse-fail,0
,Op_Transnodec.m,-1,"PARSE-FAIL",-1,parse-fail,0
,SourceTaskrand.m,-1,"PARSE-FAIL",-1,parse-fail,0
,SparseEA_ESnouni.m,-1,"PARSE-FAIL",-1,parse-fail,0
,SparseEA_EnvironmentalSelection.m,-1,"PARSE-FAIL",-1,parse-fail,0
,Clustering.m,-1,"PARSE-FAIL",-1,parse-fail,0
,EMyOC.m,-1,"PARSE-FAIL",-1,parse-fail,0
,EnvironmentalSelection.m,-1,"PARSE-FAIL",-1,parse-fail,0
,Operator.m,-1,"PARSE-FAIL",-1,parse-fail,0
,Truncation.m,-1,"PARSE-FAIL",-1,parse-fail,0
,ENSMOEAD.m,-1,"PARSE-FAIL",-1,parse-fail,0
,EGOSelect.m,-1,"PARSE-FAIL",-1,parse-fail,0
,ESBCEO.m,-1,"PARSE-FAIL",-1,parse-fail,0
,EnvironmentalSelection.m,-1,"PARSE-FAIL",-1,parse-fail,0
,FCMmodel.m,-1,"PARSE-FAIL",-1,parse-fail,0
,GABound.m,-1,"PARSE-FAIL",-1,parse-fail,0
,LOF.m,-1,"PARSE-FAIL",-1,parse-fail,0
,ReferenceVectorAdaptation.m,-1,"PARSE-FAIL",-1,parse-fail,0
,ShanNonx.m,-1,"PARSE-FAIL",-1,parse-fail,0
,dacefit.m,-1,"PARSE-FAIL",-1,parse-fail,0
,distfcm.m,-1,"PARSE-FAIL",-1,parse-fail,0
,fcm.m,-1,"PARSE-FAIL",-1,parse-fail,0
,initfcm.m,-1,"PARSE-FAIL",-1,parse-fail,0
,predictor.m,-1,"PARSE-FAIL",-1,parse-fail,0
,stepfcm.m,-1,"PARSE-FAIL",-1,parse-fail,0
,AutoUpdate.m,-1,"PARSE-FAIL",-1,parse-fail,0
,Cal_Dec.m,-1,"PARSE-FAIL",-1,parse-fail,0
,Cal_MP.m,-1,"PARSE-FAIL",-1,parse-fail,0
,EnvironmentalSelection.m,-1,"PARSE-FAIL",-1,parse-fail,0
,Exchange.m,-1,"PARSE-FAIL",-1,parse-fail,0
,FDSEA.m,-1,"PARSE-FAIL",-1,parse-fail,0
,FRDE.m,-1,"PARSE-FAIL",-1,parse-fail,0
,FRGA.m,-1,"PARSE-FAIL",-1,parse-fail,0
,OperatorHybrid.m,-1,"PARSE-FAIL",-1,parse-fail,0
,EnvironmentalSelection_CMOPSO.m,-1,"PARSE-FAIL",-1,parse-fail,0
,EnvironmentalSelection_LMOCSO.m,-1,"PARSE-FAIL",-1,parse-fail,0
,EnvironmentalSelection_NSGAII.m,-1,"PARSE-FAIL",-1,parse-fail,0
,EnvironmentalSelection_NSGAIII.m,-1,"PARSE-FAIL",-1,parse-fail,0
,FDV.m,-1,"PARSE-FAIL",-1,parse-fail,0
,FDVOperator.m,-1,"PARSE-FAIL",-1,parse-fail,0
,Operator_CMOPSO.m,-1,"PARSE-FAIL",-1,parse-fail,0
,Operator_LMOCSO.m,-1,"PARSE-FAIL",-1,parse-fail,0
,FLEA.m,-1,"PARSE-FAIL",-1,parse-fail,0
,FRCGM.m,-1,"PARSE-FAIL",-1,parse-fail,0
,CalFitness.m,-1,"PARSE-FAIL",-1,parse-fail,0
,CalHV.m,-1,"PARSE-FAIL",-1,parse-fail,0
,CalHVLoss.m,-1,"PARSE-FAIL",-1,parse-fail,0
,DensityEstimate.m,-1,"PARSE-FAIL",-1,parse-fail,0
,EnvironmentalSelection.m,-1,"PARSE-FAIL",-1,parse-fail,0
,EnvironmentalSelection1.m,-1,"PARSE-FAIL",-1,parse-fail,0
,GCNMOEA.m,-1,"PARSE-FAIL",-1,parse-fail,0
,LevelSort.m,-1,"PARSE-FAIL",-1,parse-fail,0
,SPDSort.m,-1,"PARSE-FAIL",-1,parse-fail,0
,EnvironmentalSelection.m,-1,"PARSE-FAIL",-1,parse-fail,0
,GDE3.m,-1,"PARSE-FAIL",-1,parse-fail,0
,GDVTSF.m,-1,"PARSE-FAIL",-1,parse-fail,0
,GDVTSF_Utils.m,-1,"PARSE-FAIL",-1,parse-fail,0
,WOF_Utils.m,-1,"PARSE-FAIL",-1,parse-fail,0
,WOF_WeightIndividual.m,-1,"PARSE-FAIL",-1,parse-fail,0
,CalFitness.m,-1,"PARSE-FAIL",-1,parse-fail,0
,EnvironmentalSelection.m,-1,"PARSE-FAIL",-1,parse-fail,0
,GFM.m,-1,"PARSE-FAIL",-1,parse-fail,0
,GFMMOEA.m,-1,"PARSE-FAIL",-1,parse-fail,0
,GLMO.m,-1,"PARSE-FAIL",-1,parse-fail,0
,GLMO_GA.m,-1,"PARSE-FAIL",-1,parse-fail,0
,GLMO_NSGAIIEnvironmentalSelection.m,-1,"PARSE-FAIL",-1,parse-fail,0
,GLMO_NSGAIIIEnvironmentalSelection.m,-1,"PARSE-FAIL",-1,parse-fail,0
,GLMO_SMPSOOperator.m,-1,"PARSE-FAIL",-1,parse-fail,0
,GLMO_UpdateGbest.m,-1,"PARSE-FAIL",-1,parse-fail,0
,GLMO_UpdatePbest.m,-1,"PARSE-FAIL",-1,parse-fail,0
,GLMO_createGroups.m,-1,"PARSE-FAIL",-1,parse-fail,0
,GPSOM.m,-1,"PARSE-FAIL",-1,parse-fail,0
,LocalSearch.m,-1,"PARSE-FAIL",-1,parse-fail,0
,UpdatePbest.m,-1,"PARSE-FAIL",-1,parse-fail,0
,EnvironmentalSelectionGW.m,-1,"PARSE-FAIL",-1,parse-fail,0
,GWASFGA.m,-1,"PARSE-FAIL",-1,parse-fail,0
,GWASFGASort.m,-1,"PARSE-FAIL",-1,parse-fail,0
,generateWeightVectors2.m,-1,"PARSE-FAIL",-1,parse-fail,0
,EnvironmentalSelection.m,-1,"PARSE-FAIL",-1,parse-fail,0
,GrEA.m,-1,"PARSE-FAIL",-1,parse-fail,0
,MatingSelection.m,-1,"PARSE-FAIL",-1,parse-fail,0
,DominationCal_HEA.m,-1,"PARSE-FAIL",-1,parse-fail,0
,EnvironmentalSelection_HEA.m,-1,"PARSE-FAIL",-1,parse-fail,0
,HEA.m,-1,"PARSE-FAIL",-1,parse-fail,0
,Divide.m,-1,"PARSE-FAIL",-1,parse-fail,0
,DivisionFlag.m,-1,"PARSE-FAIL",-1,parse-fail,0
,EnvironmentalSelection.m,-1,"PARSE-FAIL",-1,parse-fail,0
,HHCMMEA.m,-1,"PARSE-FAIL",-1,parse-fail,0
,Leader.m,-1,"PARSE-FAIL",-1,parse-fail,0
,Operator1.m,-1,"PARSE-FAIL",-1,parse-fail,0
,Operator2.m,-1,"PARSE-FAIL",-1,parse-fail,0
,SubPopRank.m,-1,"PARSE-FAIL",-1,parse-fail,0
,SubPopSimility.m,-1,"PARSE-FAIL",-1,parse-fail,0
,UpdateGV.m,-1,"PARSE-FAIL",-1,parse-fail,0
,ArchiveUpdate.m,-1,"PARSE-FAIL",-1,parse-fail,0
,Crowding.m,-1,"PARSE-FAIL",-1,parse-fail,0
,EnvironmentalSelection.m,-1,"PARSE-FAIL",-1,parse-fail,0
,HREA.m,-1,"PARSE-FAIL",-1,parse-fail,0
,HeEMOEA.m,-1,"PARSE-FAIL",-1,parse-fail,0
,NSGA2ESelection.m,-1,"PARSE-FAIL",-1,parse-fail,0
,PCAMyself.m,-1,"PARSE-FAIL",-1,parse-fail,0
,PSOMyself.m,-1,"PARSE-FAIL",-1,parse-fail,0
,TrainModel.m,-1,"PARSE-FAIL",-1,parse-fail,0
,CalHV.m,-1,"PARSE-FAIL",-1,parse-fail,0
,EnvironmentalSelection.m,-1,"PARSE-FAIL",-1,parse-fail,0
,HypE.m,-1,"PARSE-FAIL",-1,parse-fail,0
,IDBEA.m,-1,"PARSE-FAIL",-1,parse-fail,0
,Intercepts.m,-1,"PARSE-FAIL",-1,parse-fail,0
,CalWHV.m,-1,"PARSE-FAIL",-1,parse-fail,0
,CalWHVLoss.m,-1,"PARSE-FAIL",-1,parse-fail,0
,EnvironmentalSelection.m,-1,"PARSE-FAIL",-1,parse-fail,0
,ISIBEA.m,-1,"PARSE-FAIL",-1,parse-fail,0
,Interaction.m,-1,"PARSE-FAIL",-1,parse-fail,0
,CalFitness.m,-1,"PARSE-FAIL",-1,parse-fail,0
,EnvironmentalSelection.m,-1,"PARSE-FAIL",-1,parse-fail,0
,IBEA.m,-1,"PARSE-FAIL",-1,parse-fail,0
,ICMA.m,-1,"PARSE-FAIL",-1,parse-fail,0
,ICMA_Update.m,-1,"PARSE-FAIL",-1,parse-fail,0
,Indicator_based_CHT.m,-1,"PARSE-FAIL",-1,parse-fail,0
,Neighbor_Pairing_Strategy.m,-1,"PARSE-FAIL",-1,parse-fail,0
,Selection_Operator_of_PREA.m,-1,"PARSE-FAIL",-1,parse-fail,0
,CalFitness.m,-1,"PARSE-FAIL",-1,parse-fail,0
,CreateGroups.m,-1,"PARSE-FAIL",-1,parse-fail,0
,DI_Update.m,-1,"PARSE-FAIL",-1,parse-fail,0
,ILCMO.m,-1,"PARSE-FAIL",-1,parse-fail,0
,Indicator_based_CHT.m,-1,"PARSE-FAIL",-1,parse-fail,0
,Main_task_Update.m,-1,"PARSE-FAIL",-1,parse-fail,0
,VGDE_main.m,-1,"PARSE-FAIL",-1,parse-fail,0
,gnR1R2R3.m,-1,"PARSE-FAIL",-1,parse-fail,0
,IMCMOEAD.m,-1,"PARSE-FAIL",-1,parse-fail,0
,Operator.m,-1,"PARSE-FAIL",-1,parse-fail,0
,applyConstraintHandling.m,-1,"PARSE-FAIL",-1,parse-fail,0
,globalReplacement.m,-1,"PARSE-FAIL",-1,parse-fail,0
,covLIN.m,-1,"PARSE-FAIL",-1,parse-fail,0
,gp.m,-1,"PARSE-FAIL",-1,parse-fail,0
,infExact.m,-1,"PARSE-FAIL",-1,parse-fail,0
,likGauss.m,-1,"PARSE-FAIL",-1,parse-fail,0
,meanZero.m,-1,"PARSE-FAIL",-1,parse-fail,0
,solve_chol.m,-1,"PARSE-FAIL",-1,parse-fail,0
,EnvironmentalSelection.m,-1,"PARSE-FAIL",-1,parse-fail,0
,IMMOEA.m,-1,"PARSE-FAIL",-1,parse-fail,0
,Operator.m,-1,"PARSE-FAIL",-1,parse-fail,0
,IMMOEAD.m,-1,"PARSE-FAIL",-1,parse-fail,0
,Operator.m,-1,"PARSE-FAIL",-1,parse-fail,0
,covLIN.m,-1,"PARSE-FAIL",-1,parse-fail,0
,gp.m,-1,"PARSE-FAIL",-1,parse-fail,0
,infExact.m,-1,"PARSE-FAIL",-1,parse-fail,0
,likGauss.m,-1,"PARSE-FAIL",-1,parse-fail,0
,meanZero.m,-1,"PARSE-FAIL",-1,parse-fail,0
,solve_chol.m,-1,"PARSE-FAIL",-1,parse-fail,0
,covLIN.m,-1,"PARSE-FAIL",-1,parse-fail,0
,gp.m,-1,"PARSE-FAIL",-1,parse-fail,0
,infExact.m,-1,"PARSE-FAIL",-1,parse-fail,0
,likGauss.m,-1,"PARSE-FAIL",-1,parse-fail,0
,meanZero.m,-1,"PARSE-FAIL",-1,parse-fail,0
,solve_chol.m,-1,"PARSE-FAIL",-1,parse-fail,0
,Auxiliray_task_EnvironmentalSelection.m,-1,"PARSE-FAIL",-1,parse-fail,0
,CalFitness.m,-1,"PARSE-FAIL",-1,parse-fail,0
,IMTCMO.m,-1,"PARSE-FAIL",-1,parse-fail,0
,Main_task_EnvironmentalSelection.m,-1,"PARSE-FAIL",-1,parse-fail,0
,Neighbor_Pairing_Strategy.m,-1,"PARSE-FAIL",-1,parse-fail,0
,OperatorDE_pbest_1.m,-1,"PARSE-FAIL",-1,parse-fail,0
,OperatorDE_pbest_1_main.m,-1,"PARSE-FAIL",-1,parse-fail,0
,OperatorDE_rand_1.m,-1,"PARSE-FAIL",-1,parse-fail,0
,gnR1R2R3.m,-1,"PARSE-FAIL",-1,parse-fail,0
,Auxiliray_task_EnvironmentalSelection.m,-1,"PARSE-FAIL",-1,parse-fail,0
,CalFitness.m,-1,"PARSE-FAIL",-1,parse-fail,0
,Convergence_DirectedSampling.m,-1,"PARSE-FAIL",-1,parse-fail,0
,Diversity_DirectedSampling.m,-1,"PARSE-FAIL",-1,parse-fail,0
,IMTCMO_BS.m,-1,"PARSE-FAIL",-1,parse-fail,0
,Main_task_EnvironmentalSelection.m,-1,"PARSE-FAIL",-1,parse-fail,0
,Neighbor_Pairing_Strategy.m,-1,"PARSE-FAIL",-1,parse-fail,0
,OperatorDE_pbest_1_main.m,-1,"PARSE-FAIL",-1,parse-fail,0
,OperatorDE_rand_1.m,-1,"PARSE-FAIL",-1,parse-fail,0
,Izui.m,-1,"PARSE-FAIL",-1,parse-fail,0
,KEnvironmentalSelection.m,-1,"PARSE-FAIL",-1,parse-fail,0
,KRVEA.m,-1,"PARSE-FAIL",-1,parse-fail,0
,KrigingSelect.m,-1,"PARSE-FAIL",-1,parse-fail,0
,NoActive.m,-1,"PARSE-FAIL",-1,parse-fail,0
,UpdataArchive.m,-1,"PARSE-FAIL",-1,parse-fail,0
,dacefit.m,-1,"PARSE-FAIL",-1,parse-fail,0
,predictor.m,-1,"PARSE-FAIL",-1,parse-fail,0
,EnvironmentalSelection.m,-1,"PARSE-FAIL",-1,parse-fail,0
,KAnD.m,-1,"PARSE-FAIL",-1,parse-fail,0
,Krigingmodel.m,-1,"PARSE-FAIL",-1,parse-fail,0
,candidate_selection.m,-1,"PARSE-FAIL",-1,parse-fail,0
,dacefit.m,-1,"PARSE-FAIL",-1,parse-fail,0
,evolutionary_search.m,-1,"PARSE-FAIL",-1,parse-fail,0
,predictor.m,-1,"PARSE-FAIL",-1,parse-fail,0
,Changed.m,-1,"PARSE-FAIL",-1,parse-fail,0
,DA_TwoLayer.m,-1,"PARSE-FAIL",-1,parse-fail,0
,EnvironmentalSelection.m,-1,"PARSE-FAIL",-1,parse-fail,0
,KLNSGAII.m,-1,"PARSE-FAIL",-1,parse-fail,0
,Reinitialization.m,-1,"PARSE-FAIL",-1,parse-fail,0
,CalFitness.m,-1,"PARSE-FAIL",-1,parse-fail,0
,EnvironmentalSelection.m,-1,"PARSE-FAIL",-1,parse-fail,0
,FitnessCal.m,-1,"PARSE-FAIL",-1,parse-fail,0
,GLP_OperatorGAhalf.m,-1,"PARSE-FAIL",-1,parse-fail,0
,KLEA.m,-1,"PARSE-FAIL",-1,parse-fail,0
,Operator.m,-1,"PARSE-FAIL",-1,parse-fail,0
,TrainNet.m,-1,"PARSE-FAIL",-1,parse-fail,0
,UpdateMemory.m,-1,"PARSE-FAIL",-1,parse-fail,0
,UsingNet.m,-1,"PARSE-FAIL",-1,parse-fail,0
,Adaptive_sampling.m,-1,"PARSE-FAIL",-1,parse-fail,0
,Cal_Convergence.m,-1,"PARSE-FAIL",-1,parse-fail,0
,KTA2.m,-1,"PARSE-FAIL",-1,parse-fail,0
,K_UpdateCA.m,-1,"PARSE-FAIL",-1,parse-fail,0
,K_UpdateDA.m,-1,"PARSE-FAIL",-1,parse-fail,0
,MatingSelection_KTA2.m,-1,"PARSE-FAIL",-1,parse-fail,0
,UpdateCA.m,-1,"PARSE-FAIL",-1,parse-fail,0
,UpdateDA.m,-1,"PARSE-FAIL",-1,parse-fail,0
,dacefit.m,-1,"PARSE-FAIL",-1,parse-fail,0
,predictor.m,-1,"PARSE-FAIL",-1,parse-fail,0
,signrank_new.m,-1,"PARSE-FAIL",-1,parse-fail,0
,statsrexact.m,-1,"PARSE-FAIL",-1,parse-fail,0
,Adaptive_sampling.m,-1,"PARSE-FAIL",-1,parse-fail,0
,CalFitness.m,-1,"PARSE-FAIL",-1,parse-fail,0
,Cal_Convergence.m,-1,"PARSE-FAIL",-1,parse-fail,0
,KCCMO_sampling.m,-1,"PARSE-FAIL",-1,parse-fail,0
,KTS.m,-1,"PARSE-FAIL",-1,parse-fail,0
,K_UpdateCA.m,-1,"PARSE-FAIL",-1,parse-fail,0
,K_UpdateDA.m,-1,"PARSE-FAIL",-1,parse-fail,0
,K_UpdateP.m,-1,"PARSE-FAIL",-1,parse-fail,0
,MatingSelection_KTA2.m,-1,"PARSE-FAIL",-1,parse-fail,0
,UpdateCA.m,-1,"PARSE-FAIL",-1,parse-fail,0
,UpdateDA.m,-1,"PARSE-FAIL",-1,parse-fail,0
,Update_P.m,-1,"PARSE-FAIL",-1,parse-fail,0
,cat_struct.m,-1,"PARSE-FAIL",-1,parse-fail,0
,dacefit.m,-1,"PARSE-FAIL",-1,parse-fail,0
,givevalue.m,-1,"PARSE-FAIL",-1,parse-fail,0
,predictor.m,-1,"PARSE-FAIL",-1,parse-fail,0
,EnvironmentalSelection.m,-1,"PARSE-FAIL",-1,parse-fail,0
,FindKneePoints.m,-1,"PARSE-FAIL",-1,parse-fail,0
,KnEA.m,-1,"PARSE-FAIL",-1,parse-fail,0
,MatingSelection.m,-1,"PARSE-FAIL",-1,parse-fail,0
,AdaFitness.m,-1,"PARSE-FAIL",-1,parse-fail,0
,ESP.m,-1,"PARSE-FAIL",-1,parse-fail,0
,EnvCDP.m,-1,"PARSE-FAIL",-1,parse-fail,0
,EnvEpsilon.m,-1,"PARSE-FAIL",-1,parse-fail,0
,EnvMOP.m,-1,"PARSE-FAIL",-1,parse-fail,0
,EnvRL.m,-1,"PARSE-FAIL",-1,parse-fail,0
,LCMEA.m,-1,"PARSE-FAIL",-1,parse-fail,0
,PPO.m,-1,"PARSE-FAIL",-1,parse-fail,0
,LCSA.m,-1,"PARSE-FAIL",-1,parse-fail,0
,LCSA_CoefficientSMPSOOperator.m,-1,"PARSE-FAIL",-1,parse-fail,0
,LCSA_GA.m,-1,"PARSE-FAIL",-1,parse-fail,0
,LCSA_NSGAIIEnvironmentalSelection.m,-1,"PARSE-FAIL",-1,parse-fail,0
,LCSA_NSGAIIIEnvironmentalSelection.m,-1,"PARSE-FAIL",-1,parse-fail,0
,LCSA_SMPSOOperator.m,-1,"PARSE-FAIL",-1,parse-fail,0
,LCSA_SMPSOUpdateGbest.m,-1,"PARSE-FAIL",-1,parse-fail,0
,LCSA_SMPSOUpdatePbest.m,-1,"PARSE-FAIL",-1,parse-fail,0
,LCSA_getNumberOfGenerationsForCoefficientOptimisation.m,-1,"PARSE-FAIL",-1,parse-fail,0
,LCSA_getNumberOfGenerationsForNormalOptimisation.m,-1,"PARSE-FAIL",-1,parse-fail,0
,LDSAF.m,-1,"PARSE-FAIL",-1,parse-fail,0
,RBFN_P.m,-1,"PARSE-FAIL",-1,parse-fail,0
,RBFN_PP.m,-1,"PARSE-FAIL",-1,parse-fail,0
,SolutionSelection.m,-1,"PARSE-FAIL",-1,parse-fail,0
,EnvironmentSelection.m,-1,"PARSE-FAIL",-1,parse-fail,0
,EvolveByMOEAD.m,-1,"PARSE-FAIL",-1,parse-fail,0
,FitnessSelection.m,-1,"PARSE-FAIL",-1,parse-fail,0
,LERD.m,-1,"PARSE-FAIL",-1,parse-fail,0
,CorrelationAnalysis.m,-1,"PARSE-FAIL",-1,parse-fail,0
,EnvironmentalSelection.m,-1,"PARSE-FAIL",-1,parse-fail,0
,LMEA.m,-1,"PARSE-FAIL",-1,parse-fail,0
,VariableClustering.m,-1,"PARSE-FAIL",-1,parse-fail,0
,EnvironmentalSelection.m,-1,"PARSE-FAIL",-1,parse-fail,0
,LMOCSO.m,-1,"PARSE-FAIL",-1,parse-fail,0
,Operator.m,-1,"PARSE-FAIL",-1,parse-fail,0
,DecompositionSelection.m,-1,"PARSE-FAIL",-1,parse-fail,0
,DirectedSampling.m,-1,"PARSE-FAIL",-1,parse-fail,0
,DominationSelection.m,-1,"PARSE-FAIL",-1,parse-fail,0
,DoubleReproduction.m,-1,"PARSE-FAIL",-1,parse-fail,0
,LMOEADS.m,-1,"PARSE-FAIL",-1,parse-fail,0
,Allocation.m,-1,"PARSE-FAIL",-1,parse-fail,0
,EnvironmentalSelection.m,-1,"PARSE-FAIL",-1,parse-fail,0
,LMPFE.m,-1,"PARSE-FAIL",-1,parse-fail,0
,UpdateTheta.m,-1,"PARSE-FAIL",-1,parse-fail,0
,adaptiveDivision.m,-1,"PARSE-FAIL",-1,parse-fail,0
,subFitness.m,-1,"PARSE-FAIL",-1,parse-fail,0
,subGFM.m,-1,"PARSE-FAIL",-1,parse-fail,0
,ArchUpdate.m,-1,"PARSE-FAIL",-1,parse-fail,0
,Construction.m,-1,"PARSE-FAIL",-1,parse-fail,0
,EnvironmentalSelection.m,-1,"PARSE-FAIL",-1,parse-fail,0
,Final.m,-1,"PARSE-FAIL",-1,parse-fail,0
,FitnessCal.m,-1,"PARSE-FAIL",-1,parse-fail,0
,Initialization.m,-1,"PARSE-FAIL",-1,parse-fail,0
,LRMOEA.m,-1,"PARSE-FAIL",-1,parse-fail,0
,LROperator.m,-1,"PARSE-FAIL",-1,parse-fail,0
,archives.m,-1,"PARSE-FAIL",-1,parse-fail,0
,EnvironmentalSelection.m,-1,"PARSE-FAIL",-1,parse-fail,0
,LSMOF.m,-1,"PARSE-FAIL",-1,parse-fail,0
,WeightOptimization.m,-1,"PARSE-FAIL",-1,parse-fail,0
,subNSGAII.m,-1,"PARSE-FAIL",-1,parse-fail,0
,GridDensity.m,-1,"PARSE-FAIL",-1,parse-fail,0
,MPAES.m,-1,"PARSE-FAIL",-1,parse-fail,0
,PAES.m,-1,"PARSE-FAIL",-1,parse-fail,0
,UpdateArchive.m,-1,"PARSE-FAIL",-1,parse-fail,0
,CalFitness.m,-1,"PARSE-FAIL",-1,parse-fail,0
,CalFitness1.m,-1,"PARSE-FAIL",-1,parse-fail,0
,EnvironmentalSelection.m,-1,"PARSE-FAIL",-1,parse-fail,0
,MCCMO.m,-1,"PARSE-FAIL",-1,parse-fail,0
,archive.m,-1,"PARSE-FAIL",-1,parse-fail,0
,MCEAD.m,-1,"PARSE-FAIL",-1,parse-fail,0
,SVM.m,-1,"PARSE-FAIL",-1,parse-fail,0
,SolutionGeneration.m,-1,"PARSE-FAIL",-1,parse-fail,0
,CalPartitionPoint.m,-1,"PARSE-FAIL",-1,parse-fail,0
,EnvironmentalSelectionMOP.m,-1,"PARSE-FAIL",-1,parse-fail,0
,MFFS.m,-1,"PARSE-FAIL",-1,parse-fail,0
,OffspringReproduction.m,-1,"PARSE-FAIL",-1,parse-fail,0
,CalFitness.m,-1,"PARSE-FAIL",-1,parse-fail,0
,EnvironmentalSelection.m,-1,"PARSE-FAIL",-1,parse-fail,0
,MFOSPEA2.m,-1,"PARSE-FAIL",-1,parse-fail,0
,CalFitness.m,-1,"PARSE-FAIL",-1,parse-fail,0
,ControlStage.m,-1,"PARSE-FAIL",-1,parse-fail,0
,EnvironmentalSelection.m,-1,"PARSE-FAIL",-1,parse-fail,0
,FitnessCal.m,-1,"PARSE-FAIL",-1,parse-fail,0
,MGCEA.m,-1,"PARSE-FAIL",-1,parse-fail,0
,Operator.m,-1,"PARSE-FAIL",-1,parse-fail,0
,UpdateLayer.m,-1,"PARSE-FAIL",-1,parse-fail,0
,CalFitness.m,-1,"PARSE-FAIL",-1,parse-fail,0
,EnvironmentalSelection.m,-1,"PARSE-FAIL",-1,parse-fail,0
,MGSAEA.m,-1,"PARSE-FAIL",-1,parse-fail,0
,UpdateArchive.m,-1,"PARSE-FAIL",-1,parse-fail,0
,UpdatePopulation.m,-1,"PARSE-FAIL",-1,parse-fail,0
,dacefit.m,-1,"PARSE-FAIL",-1,parse-fail,0
,predictor.m,-1,"PARSE-FAIL",-1,parse-fail,0
,EnvironmentalSelection.m,-1,"PARSE-FAIL",-1,parse-fail,0
,GLP_OperatorGAhalf.m,-1,"PARSE-FAIL",-1,parse-fail,0
,MMEAARM.m,-1,"PARSE-FAIL",-1,parse-fail,0
,Operator.m,-1,"PARSE-FAIL",-1,parse-fail,0
,SubPopSimility.m,-1,"PARSE-FAIL",-1,parse-fail,0
,UpdateGV.m,-1,"PARSE-FAIL",-1,parse-fail,0
,CalFitness.m,-1,"PARSE-FAIL",-1,parse-fail,0
,EnvironmentalSelection.m,-1,"PARSE-FAIL",-1,parse-fail,0
,MMEAWI.m,-1,"PARSE-FAIL",-1,parse-fail,0
,UpdateArc.m,-1,"PARSE-FAIL",-1,parse-fail,0
,CalFitness.m,-1,"PARSE-FAIL",-1,parse-fail,0
,CalFitnessSup.m,-1,"PARSE-FAIL",-1,parse-fail,0
,EnvironmentalSelectionOrig.m,-1,"PARSE-FAIL",-1,parse-fail,0
,EnvironmentalSelectionSup.m,-1,"PARSE-FAIL",-1,parse-fail,0
,InitilizeGrowingGasNet.m,-1,"PARSE-FAIL",-1,parse-fail,0
,MMEAPSL.m,-1,"PARSE-FAIL",-1,parse-fail,0
,TrainGrowingGasNet.m,-1,"PARSE-FAIL",-1,parse-fail,0
,Environmental_Selection.m,-1,"PARSE-FAIL",-1,parse-fail,0
,MMOEABH.m,-1,"PARSE-FAIL",-1,parse-fail,0
,MMOEA_Utils.m,-1,"PARSE-FAIL",-1,parse-fail,0
,operator_CSO.m,-1,"PARSE-FAIL",-1,parse-fail,0
,operator_PSO.m,-1,"PARSE-FAIL",-1,parse-fail,0
,Classification.m,-1,"PARSE-FAIL",-1,parse-fail,0
,GetBest.m,-1,"PARSE-FAIL",-1,parse-fail,0
,MMOPSO.m,-1,"PARSE-FAIL",-1,parse-fail,0
,Operator.m,-1,"PARSE-FAIL",-1,parse-fail,0
,UpdateArchive.m,-1,"PARSE-FAIL",-1,parse-fail,0
,MOCMA.m,-1,"PARSE-FAIL",-1,parse-fail,0
,updateCovariance.m,-1,"PARSE-FAIL",-1,parse-fail,0
,updateStepSize.m,-1,"PARSE-FAIL",-1,parse-fail,0
,MOEGS.m,-1,"PARSE-FAIL",-1,parse-fail,0
,ConstructLinearKRGOS.m,-1,"PARSE-FAIL",-1,parse-fail,0
,MOEAOptimizeOS.m,-1,"PARSE-FAIL",-1,parse-fail,0
,MOL2SMEA.m,-1,"PARSE-FAIL",-1,parse-fail,0
,SaEvaluate.m,-1,"PARSE-FAIL",-1,parse-fail,0
,SaEvaluateOS.m,-1,"PARSE-FAIL",-1,parse-fail,0
,SelectCandidateKRGOS.m,-1,"PARSE-FAIL",-1,parse-fail,0
,SelectRef.m,-1,"PARSE-FAIL",-1,parse-fail,0
,UpdateArchive.m,-1,"PARSE-FAIL",-1,parse-fail,0
,UpdateArchiveCLT.m,-1,"PARSE-FAIL",-1,parse-fail,0
,EnvironmentalSelectionIII.m,-1,"PARSE-FAIL",-1,parse-fail,0
,GAope.m,-1,"PARSE-FAIL",-1,parse-fail,0
,NSGAIIIopt.m,-1,"PARSE-FAIL",-1,parse-fail,0
,srgtsKRGEvaluate.m,-1,"PARSE-FAIL",-1,parse-fail,0
,srgtsKRGFit.m,-1,"PARSE-FAIL",-1,parse-fail,0
,srgtsKRGMLEProcessVariance.m,-1,"PARSE-FAIL",-1,parse-fail,0
,srgtsKRGPredictionVariance.m,-1,"PARSE-FAIL",-1,parse-fail,0
,srgtsKRGPredictor.m,-1,"PARSE-FAIL",-1,parse-fail,0
,srgtsKRGSetOptions.m,-1,"PARSE-FAIL",-1,parse-fail,0
,dace_corrcubic.m,-1,"PARSE-FAIL",-1,parse-fail,0
,dace_correxp.m,-1,"PARSE-FAIL",-1,parse-fail,0
,dace_correxpg.m,-1,"PARSE-FAIL",-1,parse-fail,0
,dace_corrgauss.m,-1,"PARSE-FAIL",-1,parse-fail,0
,dace_corrlin.m,-1,"PARSE-FAIL",-1,parse-fail,0
,dace_corrspherical.m,-1,"PARSE-FAIL",-1,parse-fail,0
,dace_corrspline.m,-1,"PARSE-FAIL",-1,parse-fail,0
,dace_evaluate.m,-1,"PARSE-FAIL",-1,parse-fail,0
,dace_fit.m,-1,"PARSE-FAIL",-1,parse-fail,0
,dace_predictor.m,-1,"PARSE-FAIL",-1,parse-fail,0
,dace_predvar.m,-1,"PARSE-FAIL",-1,parse-fail,0
,dace_regpoly0.m,-1,"PARSE-FAIL",-1,parse-fail,0
,dace_regpoly1.m,-1,"PARSE-FAIL",-1,parse-fail,0
,dace_regpoly2.m,-1,"PARSE-FAIL",-1,parse-fail,0
,srgtsCrossValidation.m,-1,"PARSE-FAIL",-1,parse-fail,0
,srgtsErrorAnalysis.m,-1,"PARSE-FAIL",-1,parse-fail,0
,srgtsFitCreateState.m,-1,"PARSE-FAIL",-1,parse-fail,0
,srgtsGetKfoldValues.m,-1,"PARSE-FAIL",-1,parse-fail,0
,srgtsGetKfolds.m,-1,"PARSE-FAIL",-1,parse-fail,0
,srgtsXVFit.m,-1,"PARSE-FAIL",-1,parse-fail,0
,srgtsXVFittingObjective.m,-1,"PARSE-FAIL",-1,parse-fail,0
,anderbergy.m,-1,"PARSE-FAIL",-1,parse-fail,0
,clusterbal.m,-1,"PARSE-FAIL",-1,parse-fail,0
,srgtsGetKfoldMaxMin.m,-1,"PARSE-FAIL",-1,parse-fail,0
,CreateOff.m,-1,"PARSE-FAIL",-1,parse-fail,0
,Divide.m,-1,"PARSE-FAIL",-1,parse-fail,0
,EnviSelect.m,-1,"PARSE-FAIL",-1,parse-fail,0
,MOMFEA.m,-1,"PARSE-FAIL",-1,parse-fail,0
,Sort.m,-1,"PARSE-FAIL",-1,parse-fail,0
,CreateOff.m,-1,"PARSE-FAIL",-1,parse-fail,0
,Divide.m,-1,"PARSE-FAIL",-1,parse-fail,0
,EnviSelect.m,-1,"PARSE-FAIL",-1,parse-fail,0
,MOMFEAII.m,-1,"PARSE-FAIL",-1,parse-fail,0
,Sort.m,-1,"PARSE-FAIL",-1,parse-fail,0
,learnRMP.m,-1,"PARSE-FAIL",-1,parse-fail,0
,BCAUpdatePop.m,-1,"PARSE-FAIL",-1,parse-fail,0
,MOBCA.m,-1,"PARSE-FAIL",-1,parse-fail,0
,OperatorBCAGrid.m,-1,"PARSE-FAIL",-1,parse-fail,0
,REPSelection.m,-1,"PARSE-FAIL",-1,parse-fail,0
,UpdateArchive.m,-1,"PARSE-FAIL",-1,parse-fail,0
,MOCGDE.m,-1,"PARSE-FAIL",-1,parse-fail,0
,MOCell.m,-1,"PARSE-FAIL",-1,parse-fail,0
,BinaryCrossover.m,-1,"PARSE-FAIL",-1,parse-fail,0
,BinaryMutation.m,-1,"PARSE-FAIL",-1,parse-fail,0
,EnvironmentalSelection.m,-1,"PARSE-FAIL",-1,parse-fail,0
,MOEACKF.m,-1,"PARSE-FAIL",-1,parse-fail,0
,PriorAnalysis_initialization.m,-1,"PARSE-FAIL",-1,parse-fail,0
,Reproduction1.m,-1,"PARSE-FAIL",-1,parse-fail,0
,Reproduction2.m,-1,"PARSE-FAIL",-1,parse-fail,0
,SparsityAnalysis.m,-1,"PARSE-FAIL",-1,parse-fail,0
,MOEAD.m,-1,"PARSE-FAIL",-1,parse-fail,0
,MOEAD2WA.m,-1,"PARSE-FAIL",-1,parse-fail,0
,PopulationUpdate.m,-1,"PARSE-FAIL",-1,parse-fail,0
,WeightGeneration.m,-1,"PARSE-FAIL",-1,parse-fail,0
,MOEADAWA.m,-1,"PARSE-FAIL",-1,parse-fail,0
,updateEP.m,-1,"PARSE-FAIL",-1,parse-fail,0
,updateWeight.m,-1,"PARSE-FAIL",-1,parse-fail,0
,MOEADCMA.m,-1,"PARSE-FAIL",-1,parse-fail,0
,UpdateCMA.m,-1,"PARSE-FAIL",-1,parse-fail,0
,ArchiveUpdate.m,-1,"PARSE-FAIL",-1,parse-fail,0
,CalFitness.m,-1,"PARSE-FAIL",-1,parse-fail,0
,MOEADCMT.m,-1,"PARSE-FAIL",-1,parse-fail,0
,ArchiveUpdate.m,-1,"PARSE-FAIL",-1,parse-fail,0
,MOEADDAE.m,-1,"PARSE-FAIL",-1,parse-fail,0
,UpdatePop.m,-1,"PARSE-FAIL",-1,parse-fail,0
,UpdatetA.m,-1,"PARSE-FAIL",-1,parse-fail,0
,MOEADDCWV.m,-1,"PARSE-FAIL",-1,parse-fail,0
,setWeight.m,-1,"PARSE-FAIL",-1,parse-fail,0
,updateWeight.m,-1,"PARSE-FAIL",-1,parse-fail,0
,MOEADDE.m,-1,"PARSE-FAIL",-1,parse-fail,0
,DE_rand_1.m,-1,"PARSE-FAIL",-1,parse-fail,0
,DE_rand_2.m,-1,"PARSE-FAIL",-1,parse-fail,0
,DQN.m,-1,"PARSE-FAIL",-1,parse-fail,0
,MOEADDQN.m,-1,"PARSE-FAIL",-1,parse-fail,0
,PolyMut.m,-1,"PARSE-FAIL",-1,parse-fail,0
,RecM2m.m,-1,"PARSE-FAIL",-1,parse-fail,0
,RecRL.m,-1,"PARSE-FAIL",-1,parse-fail,0
,Recsbx.m,-1,"PARSE-FAIL",-1,parse-fail,0
,MOEADDRA.m,-1,"PARSE-FAIL",-1,parse-fail,0
,MOEADDU.m,-1,"PARSE-FAIL",-1,parse-fail,0
,Normalization.m,-1,"PARSE-FAIL",-1,parse-fail,0
,BetaSample.m,-1,"PARSE-FAIL",-1,parse-fail,0
,CreditAssignment.m,-1,"PARSE-FAIL",-1,parse-fail,0
,FiveOps.m,-1,"PARSE-FAIL",-1,parse-fail,0
,MOEADDYTS.m,-1,"PARSE-FAIL",-1,parse-fail,0
,GPmodelFCM.m,-1,"PARSE-FAIL",-1,parse-fail,0
,MOEADEGO.m,-1,"PARSE-FAIL",-1,parse-fail,0
,Opt_ETI_FCM.m,-1,"PARSE-FAIL",-1,parse-fail,0
,EGOSelect_CEI.m,-1,"PARSE-FAIL",-1,parse-fail,0
,FCMmodel.m,-1,"PARSE-FAIL",-1,parse-fail,0
,MOEADEGOCEI.m,-1,"PARSE-FAIL",-1,parse-fail,0
,dacefit.m,-1,"PARSE-FAIL",-1,parse-fail,0
,distfcm.m,-1,"PARSE-FAIL",-1,parse-fail,0
,fcm.m,-1,"PARSE-FAIL",-1,parse-fail,0
,initfcm.m,-1,"PARSE-FAIL",-1,parse-fail,0
,predictor.m,-1,"PARSE-FAIL",-1,parse-fail,0
,stepfcm.m,-1,"PARSE-FAIL",-1,parse-fail,0
,Dacefit.m,-1,"PARSE-FAIL",-1,parse-fail,0
,Predictor.m,-1,"PARSE-FAIL",-1,parse-fail,0
,corrcubic.m,-1,"PARSE-FAIL",-1,parse-fail,0
,correxp.m,-1,"PARSE-FAIL",-1,parse-fail,0
,correxpg.m,-1,"PARSE-FAIL",-1,parse-fail,0
,corrgauss.m,-1,"PARSE-FAIL",-1,parse-fail,0
,corrlin.m,-1,"PARSE-FAIL",-1,parse-fail,0
,corrspherical.m,-1,"PARSE-FAIL",-1,parse-fail,0
,corrspline.m,-1,"PARSE-FAIL",-1,parse-fail,0
,regpoly0.m,-1,"PARSE-FAIL",-1,parse-fail,0
,regpoly1.m,-1,"PARSE-FAIL",-1,parse-fail,0
,regpoly2.m,-1,"PARSE-FAIL",-1,parse-fail,0
,CreditAssignment.m,-1,"PARSE-FAIL",-1,parse-fail,0
,FRRMAB.m,-1,"PARSE-FAIL",-1,parse-fail,0
,FourDE.m,-1,"PARSE-FAIL",-1,parse-fail,0
,MOEADFRRMAB.m,-1,"PARSE-FAIL",-1,parse-fail,0
,Associate.m,-1,"PARSE-FAIL",-1,parse-fail,0
,MOEADM2M.m,-1,"PARSE-FAIL",-1,parse-fail,0
,Operator.m,-1,"PARSE-FAIL",-1,parse-fail,0
,EnvironmentalSelection.m,-1,"PARSE-FAIL",-1,parse-fail,0
,MOEADMRDL.m,-1,"PARSE-FAIL",-1,parse-fail,0
,OperatorAdaption.m,-1,"PARSE-FAIL",-1,parse-fail,0
,MOEADPFE.m,-1,"PARSE-FAIL",-1,parse-fail,0
,dacefit.m,-1,"PARSE-FAIL",-1,parse-fail,0
,estimatePF.m,-1,"PARSE-FAIL",-1,parse-fail,0
,generateFunctions.m,-1,"PARSE-FAIL",-1,parse-fail,0
,predictor.m,-1,"PARSE-FAIL",-1,parse-fail,0
,updateWeight.m,-1,"PARSE-FAIL",-1,parse-fail,0
,MOEADPaS.m,-1,"PARSE-FAIL",-1,parse-fail,0
,MOEADSTM.m,-1,"PARSE-FAIL",-1,parse-fail,0
,STM.m,-1,"PARSE-FAIL",-1,parse-fail,0
,MOEADUR.m,-1,"PARSE-FAIL",-1,parse-fail,0
,UniformlyRandomlyPoint.m,-1,"PARSE-FAIL",-1,parse-fail,0
,space_divide.m,-1,"PARSE-FAIL",-1,parse-fail,0
,updateWeight.m,-1,"PARSE-FAIL",-1,parse-fail,0
,MOEADURAW.m,-1,"PARSE-FAIL",-1,parse-fail,0
,UniformlyRandomlyPoint.m,-1,"PARSE-FAIL",-1,parse-fail,0
,updateEP.m,-1,"PARSE-FAIL",-1,parse-fail,0
,updateWeight.m,-1,"PARSE-FAIL",-1,parse-fail,0
,MOEADVOV.m,-1,"PARSE-FAIL",-1,parse-fail,0
,generateVOV.m,-1,"PARSE-FAIL",-1,parse-fail,0
,updateWeight.m,-1,"PARSE-FAIL",-1,parse-fail,0
,CalPBI.m,-1,"PARSE-FAIL",-1,parse-fail,0
,LocateWorst.m,-1,"PARSE-FAIL",-1,parse-fail,0
,MOEADD.m,-1,"PARSE-FAIL",-1,parse-fail,0
,UpdateFront.m,-1,"PARSE-FAIL",-1,parse-fail,0
,ControlVariableAnalysis.m,-1,"PARSE-FAIL",-1,parse-fail,0
,DividingDistanceVariables.m,-1,"PARSE-FAIL",-1,parse-fail,0
,MOEADVA.m,-1,"PARSE-FAIL",-1,parse-fail,0
,SubcomponentOptimizer.m,-1,"PARSE-FAIL",-1,parse-fail,0
,UDall.m,-1,"PARSE-FAIL",-1,parse-fail,0
,ImportanceLevel.m,-1,"PARSE-FAIL",-1,parse-fail,0
,MOEAIB.m,-1,"PARSE-FAIL",-1,parse-fail,0
,ReMO_AdjustMap.m,-1,"PARSE-FAIL",-1,parse-fail,0
,ReMO_MapBack.m,-1,"PARSE-FAIL",-1,parse-fail,0
,ReMO_NSGAII.m,-1,"PARSE-FAIL",-1,parse-fail,0
,ReMO_Optimizer.m,-1,"PARSE-FAIL",-1,parse-fail,0
,WOF_NSGAIII.m,-1,"PARSE-FAIL",-1,parse-fail,0
,WOF_Optimizer.m,-1,"PARSE-FAIL",-1,parse-fail,0
,EnvironmentalSelection.m,-1,"PARSE-FAIL",-1,parse-fail,0
,MOEAIGDNS.m,-1,"PARSE-FAIL",-1,parse-fail,0
,UpdateArchive.m,-1,"PARSE-FAIL",-1,parse-fail,0
,DimJud.m,-1,"PARSE-FAIL",-1,parse-fail,0
,DimJud0.m,-1,"PARSE-FAIL",-1,parse-fail,0
,EnvironmentalSelection.m,-1,"PARSE-FAIL",-1,parse-fail,0
,ExactKmeans.m,-1,"PARSE-FAIL",-1,parse-fail,0
,GA0.m,-1,"PARSE-FAIL",-1,parse-fail,0
,MOEANZD.m,-1,"PARSE-FAIL",-1,parse-fail,0
,EnvironmentalSelection.m,-1,"PARSE-FAIL",-1,parse-fail,0
,GridStructure.m,-1,"PARSE-FAIL",-1,parse-fail,0
,MOEAPC.m,-1,"PARSE-FAIL",-1,parse-fail,0
,PolarCoordinatesGrid.m,-1,"PARSE-FAIL",-1,parse-fail,0
,DAE.m,-1,"PARSE-FAIL",-1,parse-fail,0
,EnvironmentalSelection.m,-1,"PARSE-FAIL",-1,parse-fail,0
,MOEAPSL.m,-1,"PARSE-FAIL",-1,parse-fail,0
,ModelTraining.m,-1,"PARSE-FAIL",-1,parse-fail,0
,Operator.m,-1,"PARSE-FAIL",-1,parse-fail,0
,RBM.m,-1,"PARSE-FAIL",-1,parse-fail,0
,Distrubance.m,-1,"PARSE-FAIL",-1,parse-fail,0
,EnvironmentalSelection.m,-1,"PARSE-FAIL",-1,parse-fail,0
,FinalSelection.m,-1,"PARSE-FAIL",-1,parse-fail,0
,MOEARE.m,-1,"PARSE-FAIL",-1,parse-fail,0
,SelectSOI.m,-1,"PARSE-FAIL",-1,parse-fail,0
,UpdateArchive.m,-1,"PARSE-FAIL",-1,parse-fail,0
,MOMBIII.m,-1,"PARSE-FAIL",-1,parse-fail,0
,R2Ranking.m,-1,"PARSE-FAIL",-1,parse-fail,0
,UpdateReferencePoints.m,-1,"PARSE-FAIL",-1,parse-fail,0
,Generation.m,-1,"PARSE-FAIL",-1,parse-fail,0
,MOMFEASADE.m,-1,"PARSE-FAIL",-1,parse-fail,0
,NSGA2Sort.m,-1,"PARSE-FAIL",-1,parse-fail,0
,domainAdaption.m,-1,"PARSE-FAIL",-1,parse-fail,0
,getBest.m,-1,"PARSE-FAIL",-1,parse-fail,0
,getDEPool.m,-1,"PARSE-FAIL",-1,parse-fail,0
,CalFitness.m,-1,"PARSE-FAIL",-1,parse-fail,0
,CalFitnessDecAux.m,-1,"PARSE-FAIL",-1,parse-fail,0
,EnvironmentalSelection.m,-1,"PARSE-FAIL",-1,parse-fail,0
,EnvironmentalSelectionAux.m,-1,"PARSE-FAIL",-1,parse-fail,0
,MONAS.m,-1,"PARSE-FAIL",-1,parse-fail,0
,MOPSO.m,-1,"PARSE-FAIL",-1,parse-fail,0
,REPSelection.m,-1,"PARSE-FAIL",-1,parse-fail,0
,UpdateArchive.m,-1,"PARSE-FAIL",-1,parse-fail,0
,UpdatePbest.m,-1,"PARSE-FAIL",-1,parse-fail,0
,MOPSOCD.m,-1,"PARSE-FAIL",-1,parse-fail,0
,Operator.m,-1,"PARSE-FAIL",-1,parse-fail,0
,UpdateArchive.m,-1,"PARSE-FAIL",-1,parse-fail,0
,UpdatePbest.m,-1,"PARSE-FAIL",-1,parse-fail,0
,MOSD.m,-1,"PARSE-FAIL",-1,parse-fail,0
,MO_Ring_PSO_SCD.m,-1,"PARSE-FAIL",-1,parse-fail,0
,Operator.m,-1,"PARSE-FAIL",-1,parse-fail,0
,UpdateNBA.m,-1,"PARSE-FAIL",-1,parse-fail,0
,UpdatePBA.m,-1,"PARSE-FAIL",-1,parse-fail,0
,non_domination_scd_sort.m,-1,"PARSE-FAIL",-1,parse-fail,0
,EnvironmentalSelection.m,-1,"PARSE-FAIL",-1,parse-fail,0
,MPMMEA.m,-1,"PARSE-FAIL",-1,parse-fail,0
,Operator.m,-1,"PARSE-FAIL",-1,parse-fail,0
,SubPopRank.m,-1,"PARSE-FAIL",-1,parse-fail,0
,SubPopSimility.m,-1,"PARSE-FAIL",-1,parse-fail,0
,UpdateGV.m,-1,"PARSE-FAIL",-1,parse-fail,0
,Classification.m,-1,"PARSE-FAIL",-1,parse-fail,0
,MPSOD.m,-1,"PARSE-FAIL",-1,parse-fail,0
,MatingSelection.m,-1,"PARSE-FAIL",-1,parse-fail,0
,Operator.m,-1,"PARSE-FAIL",-1,parse-fail,0
,CalFitness.m,-1,"PARSE-FAIL",-1,parse-fail,0
,CalSDE.m,-1,"PARSE-FAIL",-1,parse-fail,0
,EnvironmentalSelection1.m,-1,"PARSE-FAIL",-1,parse-fail,0
,EnvironmentalSelection2.m,-1,"PARSE-FAIL",-1,parse-fail,0
,MSCEA.m,-1,"PARSE-FAIL",-1,parse-fail,0
,ReduceBoundary.m,-1,"PARSE-FAIL",-1,parse-fail,0
,archive.m,-1,"PARSE-FAIL",-1,parse-fail,0
,Archive.m,-1,"PARSE-FAIL",-1,parse-fail,0
,CalFitness.m,-1,"PARSE-FAIL",-1,parse-fail,0
,Constraint_priority.m,-1,"PARSE-FAIL",-1,parse-fail,0
,Convertion.m,-1,"PARSE-FAIL",-1,parse-fail,0
,EnvironmentalSelection.m,-1,"PARSE-FAIL",-1,parse-fail,0
,MSCMO.m,-1,"PARSE-FAIL",-1,parse-fail,0
,Normalization.m,-1,"PARSE-FAIL",-1,parse-fail,0
,MSEA.m,-1,"PARSE-FAIL",-1,parse-fail,0
,UpdateFront.m,-1,"PARSE-FAIL",-1,parse-fail,0
,MSKEA.m,-1,"PARSE-FAIL",-1,parse-fail,0
,Operator_pvfv.m,-1,"PARSE-FAIL",-1,parse-fail,0
,Operator_sv.m,-1,"PARSE-FAIL",-1,parse-fail,0
,SPEA2_EnvironmentalSelection.m,-1,"PARSE-FAIL",-1,parse-fail,0
,CalMetric.m,-1,"PARSE-FAIL",-1,parse-fail,0
,EnvironmentalSelection.m,-1,"PARSE-FAIL",-1,parse-fail,0
,MSOPSII.m,-1,"PARSE-FAIL",-1,parse-fail,0
,MatingSelection.m,-1,"PARSE-FAIL",-1,parse-fail,0
,UpdateArchive.m,-1,"PARSE-FAIL",-1,parse-fail,0
,UpdateWeight.m,-1,"PARSE-FAIL",-1,parse-fail,0
,Auxiliray_task_EnvironmentalSelection.m,-1,"PARSE-FAIL",-1,parse-fail,0
,CalFitness.m,-1,"PARSE-FAIL",-1,parse-fail,0
,MTCMO.m,-1,"PARSE-FAIL",-1,parse-fail,0
,Main_task_EnvironmentalSelection.m,-1,"PARSE-FAIL",-1,parse-fail,0
,CalFitness.m,-1,"PARSE-FAIL",-1,parse-fail,0
,Generation.m,-1,"PARSE-FAIL",-1,parse-fail,0
,MTDEMKTA.m,-1,"PARSE-FAIL",-1,parse-fail,0
,spea2EnvironmentalSelection.m,-1,"PARSE-FAIL",-1,parse-fail,0
,Divide.m,-1,"PARSE-FAIL",-1,parse-fail,0
,MTEADDN.m,-1,"PARSE-FAIL",-1,parse-fail,0
,AdjustAppSet.m,-1,"PARSE-FAIL",-1,parse-fail,0
,Grading.m,-1,"PARSE-FAIL",-1,parse-fail,0
,LocalSearch1.m,-1,"PARSE-FAIL",-1,parse-fail,0
,LocalSearch2.m,-1,"PARSE-FAIL",-1,parse-fail,0
,LocalSearch3.m,-1,"PARSE-FAIL",-1,parse-fail,0
,MTS.m,-1,"PARSE-FAIL",-1,parse-fail,0
,Candidate_Selection.m,-1,"PARSE-FAIL",-1,parse-fail,0
,Evolutionary_Search.m,-1,"PARSE-FAIL",-1,parse-fail,0
,MaOTSPP.m,-1,"PARSE-FAIL",-1,parse-fail,0
,NDSort_TSPP.m,-1,"PARSE-FAIL",-1,parse-fail,0
,Surrogate_Construction.m,-1,"PARSE-FAIL",-1,parse-fail,0
,dacefit.m,-1,"PARSE-FAIL",-1,parse-fail,0
,predictor.m,-1,"PARSE-FAIL",-1,parse-fail,0
,EnvironmentalSelection.m,-1,"PARSE-FAIL",-1,parse-fail,0
,MaOEACSS.m,-1,"PARSE-FAIL",-1,parse-fail,0
,MatingSelection.m,-1,"PARSE-FAIL",-1,parse-fail,0
,CalFC.m,-1,"PARSE-FAIL",-1,parse-fail,0
,EnvironmentalSelection.m,-1,"PARSE-FAIL",-1,parse-fail,0
,MaOEADDFC.m,-1,"PARSE-FAIL",-1,parse-fail,0
,MatingSelection.m,-1,"PARSE-FAIL",-1,parse-fail,0
,AssociateAngle.m,-1,"PARSE-FAIL",-1,parse-fail,0
,CrowdDistance.m,-1,"PARSE-FAIL",-1,parse-fail,0
,MaOEAHAP.m,-1,"PARSE-FAIL",-1,parse-fail,0
,MatingSelection.m,-1,"PARSE-FAIL",-1,parse-fail,0
,NDQSort.m,-1,"PARSE-FAIL",-1,parse-fail,0
,Shape_Estimate.m,-1,"PARSE-FAIL",-1,parse-fail,0
,UpdateCA.m,-1,"PARSE-FAIL",-1,parse-fail,0
,UpdateDA.m,-1,"PARSE-FAIL",-1,parse-fail,0
,flog.m,-1,"PARSE-FAIL",-1,parse-fail,0
,Assignmentoptimal.m,-1,"PARSE-FAIL",-1,parse-fail,0
,EnvironmentalSelection.m,-1,"PARSE-FAIL",-1,parse-fail,0
,MaOEAIGD.m,-1,"PARSE-FAIL",-1,parse-fail,0
,FindSubspace.m,-1,"PARSE-FAIL",-1,parse-fail,0
,MaOEAIT.m,-1,"PARSE-FAIL",-1,parse-fail,0
,Classification.m,-1,"PARSE-FAIL",-1,parse-fail,0
,EnvironmentalSelection.m,-1,"PARSE-FAIL",-1,parse-fail,0
,MaOEARD.m,-1,"PARSE-FAIL",-1,parse-fail,0
,UpdateTP.m,-1,"PARSE-FAIL",-1,parse-fail,0
,Infill_Maximal_Distance.m,-1,"PARSE-FAIL",-1,parse-fail,0
,Infill_Standard_EI.m,-1,"PARSE-FAIL",-1,parse-fail,0
,MultiObjectiveEGO.m,-1,"PARSE-FAIL",-1,parse-fail,0
,dacefit.m,-1,"PARSE-FAIL",-1,parse-fail,0
,predictor.m,-1,"PARSE-FAIL",-1,parse-fail,0
,rGA.m,-1,"PARSE-FAIL",-1,parse-fail,0
,EnvironmentalSelection.m,-1,"PARSE-FAIL",-1,parse-fail,0
,MyODEMR.m,-1,"PARSE-FAIL",-1,parse-fail,0
,Operator.m,-1,"PARSE-FAIL",-1,parse-fail,0
,Truncation.m,-1,"PARSE-FAIL",-1,parse-fail,0
,CalFitness.m,-1,"PARSE-FAIL",-1,parse-fail,0
,EnvironmentalSelection.m,-1,"PARSE-FAIL",-1,parse-fail,0
,NBLEA.m,-1,"PARSE-FAIL",-1,parse-fail,0
,OperatorPCX.m,-1,"PARSE-FAIL",-1,parse-fail,0
,llSearch.m,-1,"PARSE-FAIL",-1,parse-fail,0
,NMPSO.m,-1,"PARSE-FAIL",-1,parse-fail,0
,Operator.m,-1,"PARSE-FAIL",-1,parse-fail,0
,UpdateArchive.m,-1,"PARSE-FAIL",-1,parse-fail,0
,UpdatePbest.m,-1,"PARSE-FAIL",-1,parse-fail,0
,CalHV.m,-1,"PARSE-FAIL",-1,parse-fail,0
,EnvironmentalSelection.m,-1,"PARSE-FAIL",-1,parse-fail,0
,FCNForward.m,-1,"PARSE-FAIL",-1,parse-fail,0
,NNDREAMO.m,-1,"PARSE-FAIL",-1,parse-fail,0
,OperatorReal.m,-1,"PARSE-FAIL",-1,parse-fail,0
,OperatorRealHalf.m,-1,"PARSE-FAIL",-1,parse-fail,0
,Reduce.m,-1,"PARSE-FAIL",-1,parse-fail,0
,UpdateFront.m,-1,"PARSE-FAIL",-1,parse-fail,0
,Cloning.m,-1,"PARSE-FAIL",-1,parse-fail,0
,NNIA.m,-1,"PARSE-FAIL",-1,parse-fail,0
,UpdateDominantPopulation.m,-1,"PARSE-FAIL",-1,parse-fail,0
,NRVMOEA.m,-1,"PARSE-FAIL",-1,parse-fail,0
,UpdateArchive.m,-1,"PARSE-FAIL",-1,parse-fail,0
,fitnessCalculation.m,-1,"PARSE-FAIL",-1,parse-fail,0
,updateNadirPoint.m,-1,"PARSE-FAIL",-1,parse-fail,0
,vertmap.m,-1,"PARSE-FAIL",-1,parse-fail,0
,EnvironmentalSelection.m,-1,"PARSE-FAIL",-1,parse-fail,0
,MatingSelection.m,-1,"PARSE-FAIL",-1,parse-fail,0
,NSBiDiCo.m,-1,"PARSE-FAIL",-1,parse-fail,0
,UpdateArc.m,-1,"PARSE-FAIL",-1,parse-fail,0
,EnvironmentalSelection.m,-1,"PARSE-FAIL",-1,parse-fail,0
,NSGAII.m,-1,"PARSE-FAIL",-1,parse-fail,0
,ARSBX.m,-1,"PARSE-FAIL",-1,parse-fail,0
,EnvironmentalSelection.m,-1,"PARSE-FAIL",-1,parse-fail,0
,NSGAIIARSBX.m,-1,"PARSE-FAIL",-1,parse-fail,0
,UpdateParameter.m,-1,"PARSE-FAIL",-1,parse-fail,0
,EnvironmentalSelection.m,-1,"PARSE-FAIL",-1,parse-fail,0
,MeanEffective.m,-1,"PARSE-FAIL",-1,parse-fail,0
,NSGAIIDTI.m,-1,"PARSE-FAIL",-1,parse-fail,0
,EnvironmentalSelection.m,-1,"PARSE-FAIL",-1,parse-fail,0
,NDSort_SDR.m,-1,"PARSE-FAIL",-1,parse-fail,0
,NSGAIISDR.m,-1,"PARSE-FAIL",-1,parse-fail,0
,ConflictPartition.m,-1,"PARSE-FAIL",-1,parse-fail,0
,EnvironmentalSelection.m,-1,"PARSE-FAIL",-1,parse-fail,0
,NSGAIIconflict.m,-1,"PARSE-FAIL",-1,parse-fail,0
,EnvironmentalSelection.m,-1,"PARSE-FAIL",-1,parse-fail,0
,NSGAIII.m,-1,"PARSE-FAIL",-1,parse-fail,0
,CalEHVI.m,-1,"PARSE-FAIL",-1,parse-fail,0
,EnvironmentalSelection.m,-1,"PARSE-FAIL",-1,parse-fail,0
,LastSelection.m,-1,"PARSE-FAIL",-1,parse-fail,0
,NSGAIIIEHVI.m,-1,"PARSE-FAIL",-1,parse-fail,0
,SelectionMSE.m,-1,"PARSE-FAIL",-1,parse-fail,0
,predictor.m,-1,"PARSE-FAIL",-1,parse-fail,0
,EnvironmentalSelection.m,-1,"PARSE-FAIL",-1,parse-fail,0
,NSLS.m,-1,"PARSE-FAIL",-1,parse-fail,0
,Operator.m,-1,"PARSE-FAIL",-1,parse-fail,0
,CalFitness.m,-1,"PARSE-FAIL",-1,parse-fail,0
,EnvironmentalSelection.m,-1,"PARSE-FAIL",-1,parse-fail,0
,GLP_OperatorGAhalf.m,-1,"PARSE-FAIL",-1,parse-fail,0
,NUCEA.m,-1,"PARSE-FAIL",-1,parse-fail,0
,Operator.m,-1,"PARSE-FAIL",-1,parse-fail,0
,UpdateMemory.m,-1,"PARSE-FAIL",-1,parse-fail,0
,EnvironmentalSelection.m,-1,"PARSE-FAIL",-1,parse-fail,0
,OSP.m,-1,"PARSE-FAIL",-1,parse-fail,0
,OSPNSDE.m,-1,"PARSE-FAIL",-1,parse-fail,0
,EnvironmentalSelection.m,-1,"PARSE-FAIL",-1,parse-fail,0
,LastSelection.m,-1,"PARSE-FAIL",-1,parse-fail,0
,PBNSGAIII.m,-1,"PARSE-FAIL",-1,parse-fail,0
,dacefit.m,-1,"PARSE-FAIL",-1,parse-fail,0
,predictor.m,-1,"PARSE-FAIL",-1,parse-fail,0
,PBRVEA.m,-1,"PARSE-FAIL",-1,parse-fail,0
,ReferenceVectorAdaptation.m,-1,"PARSE-FAIL",-1,parse-fail,0
,dacefit.m,-1,"PARSE-FAIL",-1,parse-fail,0
,predictor.m,-1,"PARSE-FAIL",-1,parse-fail,0
,CalFitnessPC.m,-1,"PARSE-FAIL",-1,parse-fail,0
,DataProcess.m,-1,"PARSE-FAIL",-1,parse-fail,0
,ESCalFitness.m,-1,"PARSE-FAIL",-1,parse-fail,0
,EnvironmentalSelection.m,-1,"PARSE-FAIL",-1,parse-fail,0
,PCSAEA.m,-1,"PARSE-FAIL",-1,parse-fail,0
,RBFNNPC.m,-1,"PARSE-FAIL",-1,parse-fail,0
,SurrogateAssistedSelectionPC.m,-1,"PARSE-FAIL",-1,parse-fail,0
,Candi_Select.m,-1,"PARSE-FAIL",-1,parse-fail,0
,Evo_Search.m,-1,"PARSE-FAIL",-1,parse-fail,0
,NDSort_CPPD.m,-1,"PARSE-FAIL",-1,parse-fail,0
,PEA.m,-1,"PARSE-FAIL",-1,parse-fail,0
,Pop_Update.m,-1,"PARSE-FAIL",-1,parse-fail,0
,dacefit.m,-1,"PARSE-FAIL",-1,parse-fail,0
,predictor.m,-1,"PARSE-FAIL",-1,parse-fail,0
,Candi_Select.m,-1,"PARSE-FAIL",-1,parse-fail,0
,Evo_Search.m,-1,"PARSE-FAIL",-1,parse-fail,0
,NDSort_CPPD.m,-1,"PARSE-FAIL",-1,parse-fail,0
,PEAplus.m,-1,"PARSE-FAIL",-1,parse-fail,0
,Pop_Update.m,-1,"PARSE-FAIL",-1,parse-fail,0
,dacefit.m,-1,"PARSE-FAIL",-1,parse-fail,0
,predictor.m,-1,"PARSE-FAIL",-1,parse-fail,0
,EnvironmentalSelection.m,-1,"PARSE-FAIL",-1,parse-fail,0
,MatingSelection.m,-1,"PARSE-FAIL",-1,parse-fail,0
,PESAII.m,-1,"PARSE-FAIL",-1,parse-fail,0
,EnvironmentSelection.m,-1,"PARSE-FAIL",-1,parse-fail,0
,GeneGoal.m,-1,"PARSE-FAIL",-1,parse-fail,0
,PICEAg.m,-1,"PARSE-FAIL",-1,parse-fail,0
,UpdateArchive.m,-1,"PARSE-FAIL",-1,parse-fail,0
,NDSort_SDR.m,-1,"PARSE-FAIL",-1,parse-fail,0
,PIEA.m,-1,"PARSE-FAIL",-1,parse-fail,0
,Shape_Estimate.m,-1,"PARSE-FAIL",-1,parse-fail,0
,UpdateInformation.m,-1,"PARSE-FAIL",-1,parse-fail,0
,EnvironmentalSelection_NSGAIII.m,-1,"PARSE-FAIL",-1,parse-fail,0
,FrontandCrowd.m,-1,"PARSE-FAIL",-1,parse-fail,0
,PIMD.m,-1,"PARSE-FAIL",-1,parse-fail,0
,Shape_Estimate.m,-1,"PARSE-FAIL",-1,parse-fail,0
,dacefit.m,-1,"PARSE-FAIL",-1,parse-fail,0
,normalization.m,-1,"PARSE-FAIL",-1,parse-fail,0
,predictor.m,-1,"PARSE-FAIL",-1,parse-fail,0
,BinaryCrossover.m,-1,"PARSE-FAIL",-1,parse-fail,0
,BinaryMutation.m,-1,"PARSE-FAIL",-1,parse-fail,0
,EnvironmentalSelection.m,-1,"PARSE-FAIL",-1,parse-fail,0
,Operator.m,-1,"PARSE-FAIL",-1,parse-fail,0
,PMMOEA.m,-1,"PARSE-FAIL",-1,parse-fail,0
,POSMining.m,-1,"PARSE-FAIL",-1,parse-fail,0
,CHP.m,-1,"PARSE-FAIL",-1,parse-fail,0
,Operator.m,-1,"PARSE-FAIL",-1,parse-fail,0
,POCEA.m,-1,"PARSE-FAIL",-1,parse-fail,0
,RVEASelection.m,-1,"PARSE-FAIL",-1,parse-fail,0
,ReferenceVectorAdaptation.m,-1,"PARSE-FAIL",-1,parse-fail,0
,PPS.m,-1,"PARSE-FAIL",-1,parse-fail,0
,archive.m,-1,"PARSE-FAIL",-1,parse-fail,0
,AES.m,-1,"PARSE-FAIL",-1,parse-fail,0
,CDP_EPD_Update.m,-1,"PARSE-FAIL",-1,parse-fail,0
,CalFitness.m,-1,"PARSE-FAIL",-1,parse-fail,0
,Neighbor_Pairing_Strategy.m,-1,"PARSE-FAIL",-1,parse-fail,0
,OperatorDE_pbest_1.m,-1,"PARSE-FAIL",-1,parse-fail,0
,OperatorDE_pbest_1_main.m,-1,"PARSE-FAIL",-1,parse-fail,0
,OperatorDE_rand_1.m,-1,"PARSE-FAIL",-1,parse-fail,0
,PRCEA.m,-1,"PARSE-FAIL",-1,parse-fail,0
,PRDD_Update.m,-1,"PARSE-FAIL",-1,parse-fail,0
,calc_maxchange.m,-1,"PARSE-FAIL",-1,parse-fail,0
,EnvironmentalSelection.m,-1,"PARSE-FAIL",-1,parse-fail,0
,OffspringReproduction.m,-1,"PARSE-FAIL",-1,parse-fail,0
,PRDH.m,-1,"PARSE-FAIL",-1,parse-fail,0
,MatingStrategy.m,-1,"PARSE-FAIL",-1,parse-fail,0
,PREA.m,-1,"PARSE-FAIL",-1,parse-fail,0
,PREA_Update.m,-1,"PARSE-FAIL",-1,parse-fail,0
,EvolALG.m,-1,"PARSE-FAIL",-1,parse-fail,0
,ParEGO.m,-1,"PARSE-FAIL",-1,parse-fail,0
,dacefit.m,-1,"PARSE-FAIL",-1,parse-fail,0
,likehood.m,-1,"PARSE-FAIL",-1,parse-fail,0
,predictor.m,-1,"PARSE-FAIL",-1,parse-fail,0
,CalFitness.m,-1,"PARSE-FAIL",-1,parse-fail,0
,EnvironmentalSelection.m,-1,"PARSE-FAIL",-1,parse-fail,0
,MatingSelection.m,-1,"PARSE-FAIL",-1,parse-fail,0
,PeEA.m,-1,"PARSE-FAIL",-1,parse-fail,0
,DataProcess.m,-1,"PARSE-FAIL",-1,parse-fail,0
,Delequalsamples.m,-1,"PARSE-FAIL",-1,parse-fail,0
,GetOutput_PBI.m,-1,"PARSE-FAIL",-1,parse-fail,0
,GetRelationPairs.m,-1,"PARSE-FAIL",-1,parse-fail,0
,REMO.m,-1,"PARSE-FAIL",-1,parse-fail,0
,RSurrogateAssistedSelection.m,-1,"PARSE-FAIL",-1,parse-fail,0
,RefSelect.m,-1,"PARSE-FAIL",-1,parse-fail,0
,onehotconv.m,-1,"PARSE-FAIL",-1,parse-fail,0
,EnvironmentalSelection.m,-1,"PARSE-FAIL",-1,parse-fail,0
,RGA_M1_2.m,-1,"PARSE-FAIL",-1,parse-fail,0
,UpdateArchive.m,-1,"PARSE-FAIL",-1,parse-fail,0
,UpdatePopulation.m,-1,"PARSE-FAIL",-1,parse-fail,0
,dacefit.m,-1,"PARSE-FAIL",-1,parse-fail,0
,predictor.m,-1,"PARSE-FAIL",-1,parse-fail,0
,EnvironmentalSelection.m,-1,"PARSE-FAIL",-1,parse-fail,0
,RGA_M2_2.m,-1,"PARSE-FAIL",-1,parse-fail,0
,UpdateArchive.m,-1,"PARSE-FAIL",-1,parse-fail,0
,UpdatePopulation.m,-1,"PARSE-FAIL",-1,parse-fail,0
,dacefit.m,-1,"PARSE-FAIL",-1,parse-fail,0
,predictor.m,-1,"PARSE-FAIL",-1,parse-fail,0
,EnvironmentalSelection.m,-1,"PARSE-FAIL",-1,parse-fail,0
,LocalPCA.m,-1,"PARSE-FAIL",-1,parse-fail,0
,Operator.m,-1,"PARSE-FAIL",-1,parse-fail,0
,RMMEDA.m,-1,"PARSE-FAIL",-1,parse-fail,0
,DVA.m,-1,"PARSE-FAIL",-1,parse-fail,0
,EnvironmentalSelection.m,-1,"PARSE-FAIL",-1,parse-fail,0
,RMOEADVA.m,-1,"PARSE-FAIL",-1,parse-fail,0
,EnvironmentalSelection.m,-1,"PARSE-FAIL",-1,parse-fail,0
,RPDNSGAII.m,-1,"PARSE-FAIL",-1,parse-fail,0
,EnvironmentalSelection.m,-1,"PARSE-FAIL",-1,parse-fail,0
,GenerateRefPoints.m,-1,"PARSE-FAIL",-1,parse-fail,0
,RPEA.m,-1,"PARSE-FAIL",-1,parse-fail,0
,TchebychevDistance.m,-1,"PARSE-FAIL",-1,parse-fail,0
,EnvironmentalSelection.m,-1,"PARSE-FAIL",-1,parse-fail,0
,MatingSelection.m,-1,"PARSE-FAIL",-1,parse-fail,0
,RSEA.m,-1,"PARSE-FAIL",-1,parse-fail,0
,RadarGrid.m,-1,"PARSE-FAIL",-1,parse-fail,0
,EnvironmentalSelection.m,-1,"PARSE-FAIL",-1,parse-fail,0
,RVEA.m,-1,"PARSE-FAIL",-1,parse-fail,0
,ReferenceVectorAdaptation.m,-1,"PARSE-FAIL",-1,parse-fail,0
,EnvironmentalSelection.m,-1,"PARSE-FAIL",-1,parse-fail,0
,InitilizeGrowingGasNet.m,-1,"PARSE-FAIL",-1,parse-fail,0
,RVEAiGNG.m,-1,"PARSE-FAIL",-1,parse-fail,0
,TrainGrowingGasNet.m,-1,"PARSE-FAIL",-1,parse-fail,0
,Truncation.m,-1,"PARSE-FAIL",-1,parse-fail,0
,UpdateArchive.m,-1,"PARSE-FAIL",-1,parse-fail,0
,EnvironmentalSelection.m,-1,"PARSE-FAIL",-1,parse-fail,0
,RVEAa.m,-1,"PARSE-FAIL",-1,parse-fail,0
,ReferenceVectorAdaptation.m,-1,"PARSE-FAIL",-1,parse-fail,0
,ReferenceVectorRegeneration.m,-1,"PARSE-FAIL",-1,parse-fail,0
,Truncation.m,-1,"PARSE-FAIL",-1,parse-fail,0
,EnvironmentalSelection.m,-1,"PARSE-FAIL",-1,parse-fail,0
,SCDAS.m,-1,"PARSE-FAIL",-1,parse-fail,0
,A_get.m,-1,"PARSE-FAIL",-1,parse-fail,0
,ECSO.m,-1,"PARSE-FAIL",-1,parse-fail,0
,SCSparse.m,-1,"PARSE-FAIL",-1,parse-fail,0
,SECSO.m,-1,"PARSE-FAIL",-1,parse-fail,0
,gBest_get.m,-1,"PARSE-FAIL",-1,parse-fail,0
,EnvironmentalSelection.m,-1,"PARSE-FAIL",-1,parse-fail,0
,SNSGAII.m,-1,"PARSE-FAIL",-1,parse-fail,0
,polyMutateCore.m,-1,"PARSE-FAIL",-1,parse-fail,0
,sbx.m,-1,"PARSE-FAIL",-1,parse-fail,0
,sm2target.m,-1,"PARSE-FAIL",-1,parse-fail,0
,sparseOperatorGA.m,-1,"PARSE-FAIL",-1,parse-fail,0
,spm.m,-1,"PARSE-FAIL",-1,parse-fail,0
,ssbx.m,-1,"PARSE-FAIL",-1,parse-fail,0
,vssps.m,-1,"PARSE-FAIL",-1,parse-fail,0
,ControlVariableAnalysis.m,-1,"PARSE-FAIL",-1,parse-fail,0
,GenerateBigPopulation.m,-1,"PARSE-FAIL",-1,parse-fail,0
,GroupDV.m,-1,"PARSE-FAIL",-1,parse-fail,0
,LoadCMAESparameters.m,-1,"PARSE-FAIL",-1,parse-fail,0
,Operator.m,-1,"PARSE-FAIL",-1,parse-fail,0
,S3CMAES.m,-1,"PARSE-FAIL",-1,parse-fail,0
,UpdateArchive.m,-1,"PARSE-FAIL",-1,parse-fail,0
,SAMOEATL2M.m,-1,"PARSE-FAIL",-1,parse-fail,0
,TrainModel2.m,-1,"PARSE-FAIL",-1,parse-fail,0
,idw_prediction_and_uncertainty.m,-1,"PARSE-FAIL",-1,parse-fail,0
,InitRank.m,-1,"PARSE-FAIL",-1,parse-fail,0
,Operator.m,-1,"PARSE-FAIL",-1,parse-fail,0
,SCEA.m,-1,"PARSE-FAIL",-1,parse-fail,0
,SPEA2_EnvironmentalSelection.m,-1,"PARSE-FAIL",-1,parse-fail,0
,OperatorDEctb1.m,-1,"PARSE-FAIL",-1,parse-fail,0
,SFADE.m,-1,"PARSE-FAIL",-1,parse-fail,0
,CalFitness.m,-1,"PARSE-FAIL",-1,parse-fail,0
,ChangeResponse.m,-1,"PARSE-FAIL",-1,parse-fail,0
,Changed.m,-1,"PARSE-FAIL",-1,parse-fail,0
,EnvironmentalSelection.m,-1,"PARSE-FAIL",-1,parse-fail,0
,SGEA.m,-1,"PARSE-FAIL",-1,parse-fail,0
,EnSelection.m,-1,"PARSE-FAIL",-1,parse-fail,0
,EnvironmentalSelection.m,-1,"PARSE-FAIL",-1,parse-fail,0
,InitRank.m,-1,"PARSE-FAIL",-1,parse-fail,0
,Operator.m,-1,"PARSE-FAIL",-1,parse-fail,0
,OperatorMax.m,-1,"PARSE-FAIL",-1,parse-fail,0
,OperatorMin.m,-1,"PARSE-FAIL",-1,parse-fail,0
,OperatorWin.m,-1,"PARSE-FAIL",-1,parse-fail,0
,SGECF.m,-1,"PARSE-FAIL",-1,parse-fail,0
,SPEA2_EnvironmentalSelection.m,-1,"PARSE-FAIL",-1,parse-fail,0
,CalHV.m,-1,"PARSE-FAIL",-1,parse-fail,0
,CalHVLoss.m,-1,"PARSE-FAIL",-1,parse-fail,0
,EnvironmentalSelection.m,-1,"PARSE-FAIL",-1,parse-fail,0
,SIBEA.m,-1,"PARSE-FAIL",-1,parse-fail,0
,CalHV.m,-1,"PARSE-FAIL",-1,parse-fail,0
,CalHVLoss.m,-1,"PARSE-FAIL",-1,parse-fail,0
,EnvironmentalSelection.m,-1,"PARSE-FAIL",-1,parse-fail,0
,SIBEAkEMOSS.m,-1,"PARSE-FAIL",-1,parse-fail,0
,getDelataMinfor.m,-1,"PARSE-FAIL",-1,parse-fail,0
,kEMOSS.m,-1,"PARSE-FAIL",-1,parse-fail,0
,CalculateFitness.m,-1,"PARSE-FAIL",-1,parse-fail,0
,CpuGroup.m,-1,"PARSE-FAIL",-1,parse-fail,0
,EnvironmentalSelection.m,-1,"PARSE-FAIL",-1,parse-fail,0
,GpuGroup.m,-1,"PARSE-FAIL",-1,parse-fail,0
,Operator.m,-1,"PARSE-FAIL",-1,parse-fail,0
,SLMEA.m,-1,"PARSE-FAIL",-1,parse-fail,0
,SLMEA_GAhalf.m,-1,"PARSE-FAIL",-1,parse-fail,0
,CalHV.m,-1,"PARSE-FAIL",-1,parse-fail,0
,SMEA.m,-1,"PARSE-FAIL",-1,parse-fail,0
,Select.m,-1,"PARSE-FAIL",-1,parse-fail,0
,UpdateFront.m,-1,"PARSE-FAIL",-1,parse-fail,0
,SMOA.m,-1,"PARSE-FAIL",-1,parse-fail,0
,dacefit.m,-1,"PARSE-FAIL",-1,parse-fail,0
,loadData.m,-1,"PARSE-FAIL",-1,parse-fail,0
,predictor.m,-1,"PARSE-FAIL",-1,parse-fail,0
,subsetSelection.m,-1,"PARSE-FAIL",-1,parse-fail,0
,Operator.m,-1,"PARSE-FAIL",-1,parse-fail,0
,SMPSO.m,-1,"PARSE-FAIL",-1,parse-fail,0
,UpdateGbest.m,-1,"PARSE-FAIL",-1,parse-fail,0
,UpdatePbest.m,-1,"PARSE-FAIL",-1,parse-fail,0
,Contribution.m,-1,"PARSE-FAIL",-1,parse-fail,0
,SMSEGO.m,-1,"PARSE-FAIL",-1,parse-fail,0
,dacefit.m,-1,"PARSE-FAIL",-1,parse-fail,0
,predictor.m,-1,"PARSE-FAIL",-1,parse-fail,0
,CalHV.m,-1,"PARSE-FAIL",-1,parse-fail,0
,Reduce.m,-1,"PARSE-FAIL",-1,parse-fail,0
,SMSEMOA.m,-1,"PARSE-FAIL",-1,parse-fail,0
,UpdateFront.m,-1,"PARSE-FAIL",-1,parse-fail,0
,Associate.m,-1,"PARSE-FAIL",-1,parse-fail,0
,EnvironmentalSelection.m,-1,"PARSE-FAIL",-1,parse-fail,0
,FitnessAssignment.m,-1,"PARSE-FAIL",-1,parse-fail,0
,MatingSelection.m,-1,"PARSE-FAIL",-1,parse-fail,0
,ObjectiveNormalization.m,-1,"PARSE-FAIL",-1,parse-fail,0
,SPEAR.m,-1,"PARSE-FAIL",-1,parse-fail,0
,CalFitness.m,-1,"PARSE-FAIL",-1,parse-fail,0
,EnvironmentalSelection.m,-1,"PARSE-FAIL",-1,parse-fail,0
,SPEA2.m,-1,"PARSE-FAIL",-1,parse-fail,0
,CalFitness.m,-1,"PARSE-FAIL",-1,parse-fail,0
,EnvironmentalSelection.m,-1,"PARSE-FAIL",-1,parse-fail,0
,SPEA2SDE.m,-1,"PARSE-FAIL",-1,parse-fail,0
,EnvironmentalSelection.m,-1,"PARSE-FAIL",-1,parse-fail,0
,SRA.m,-1,"PARSE-FAIL",-1,parse-fail,0
,MatingSelection.m,-1,"PARSE-FAIL",-1,parse-fail,0
,SSCEA.m,-1,"PARSE-FAIL",-1,parse-fail,0
,UpdateCA.m,-1,"PARSE-FAIL",-1,parse-fail,0
,UpdateDA.m,-1,"PARSE-FAIL",-1,parse-fail,0
,Operator.m,-1,"PARSE-FAIL",-1,parse-fail,0
,SSDE.m,-1,"PARSE-FAIL",-1,parse-fail,0
,Training.m,-1,"PARSE-FAIL",-1,parse-fail,0
,Changed.m,-1,"PARSE-FAIL",-1,parse-fail,0
,EnvironmentalSelection.m,-1,"PARSE-FAIL",-1,parse-fail,0
,Reinitialization.m,-1,"PARSE-FAIL",-1,parse-fail,0
,SVRNSGAII.m,-1,"PARSE-FAIL",-1,parse-fail,0
,EnvironmentalSelection.m,-1,"PARSE-FAIL",-1,parse-fail,0
,Operator.m,-1,"PARSE-FAIL",-1,parse-fail,0
,SparseEA.m,-1,"PARSE-FAIL",-1,parse-fail,0
,EnvironmentalSelection.m,-1,"PARSE-FAIL",-1,parse-fail,0
,GLP_OperatorGAhalf.m,-1,"PARSE-FAIL",-1,parse-fail,0
,Operator.m,-1,"PARSE-FAIL",-1,parse-fail,0
,SparseEA2.m,-1,"PARSE-FAIL",-1,parse-fail,0
,SparseEMT.m,-1,"PARSE-FAIL",-1,parse-fail,0
,SparseEMTSolverMGCEA.m,-1,"PARSE-FAIL",-1,parse-fail,0
,SparseEMTSolverMSKEA.m,-1,"PARSE-FAIL",-1,parse-fail,0
,Candi_Select.m,-1,"PARSE-FAIL",-1,parse-fail,0
,Evo_Search.m,-1,"PARSE-FAIL",-1,parse-fail,0
,NDSort_PDPD.m,-1,"PARSE-FAIL",-1,parse-fail,0
,Phase_Trans.m,-1,"PARSE-FAIL",-1,parse-fail,0
,Pop_Reselect.m,-1,"PARSE-FAIL",-1,parse-fail,0
,TEA.m,-1,"PARSE-FAIL",-1,parse-fail,0
,dacefit.m,-1,"PARSE-FAIL",-1,parse-fail,0
,predictor.m,-1,"PARSE-FAIL",-1,parse-fail,0
,EnvironmentalSelection.m,-1,"PARSE-FAIL",-1,parse-fail,0
,Initial_EnvironmentalSelection.m,-1,"PARSE-FAIL",-1,parse-fail,0
,Operator.m,-1,"PARSE-FAIL",-1,parse-fail,0
,TELSO.m,-1,"PARSE-FAIL",-1,parse-fail,0
,Archive.m,-1,"PARSE-FAIL",-1,parse-fail,0
,CalFitness.m,-1,"PARSE-FAIL",-1,parse-fail,0
,EnvironmentalSelection.m,-1,"PARSE-FAIL",-1,parse-fail,0
,TPCMaO.m,-1,"PARSE-FAIL",-1,parse-fail,0
,DensityEstimate.m,-1,"PARSE-FAIL",-1,parse-fail,0
,EnvironmentalSelection.m,-1,"PARSE-FAIL",-1,parse-fail,0
,EnvironmentalSelection1.m,-1,"PARSE-FAIL",-1,parse-fail,0
,LevelSort.m,-1,"PARSE-FAIL",-1,parse-fail,0
,SPDSort.m,-1,"PARSE-FAIL",-1,parse-fail,0
,TSNSGAII.m,-1,"PARSE-FAIL",-1,parse-fail,0
,BinaryGroupOptimization.m,-1,"PARSE-FAIL",-1,parse-fail,0
,EnvironmentalSelection.m,-1,"PARSE-FAIL",-1,parse-fail,0
,Match.m,-1,"PARSE-FAIL",-1,parse-fail,0
,Operator.m,-1,"PARSE-FAIL",-1,parse-fail,0
,TSSparseEA.m,-1,"PARSE-FAIL",-1,parse-fail,0
,Candidate_Selection.m,-1,"PARSE-FAIL",-1,parse-fail,0
,Evolutionary_Search.m,-1,"PARSE-FAIL",-1,parse-fail,0
,NDSort_TSPP.m,-1,"PARSE-FAIL",-1,parse-fail,0
,Surrogate_Construction.m,-1,"PARSE-FAIL",-1,parse-fail,0
,TSPP.m,-1,"PARSE-FAIL",-1,parse-fail,0
,dacefit.m,-1,"PARSE-FAIL",-1,parse-fail,0
,predictor.m,-1,"PARSE-FAIL",-1,parse-fail,0
,Calculate_fcv.m,-1,"PARSE-FAIL",-1,parse-fail,0
,EnvironmentalSelectionStageI.m,-1,"PARSE-FAIL",-1,parse-fail,0
,EnvironmentalSelectionStageII.m,-1,"PARSE-FAIL",-1,parse-fail,0
,Estimation.m,-1,"PARSE-FAIL",-1,parse-fail,0
,Fit.m,-1,"PARSE-FAIL",-1,parse-fail,0
,TSTI.m,-1,"PARSE-FAIL",-1,parse-fail,0
,Calculate_fcv.m,-1,"PARSE-FAIL",-1,parse-fail,0
,EnvironmentalSelection.m,-1,"PARSE-FAIL",-1,parse-fail,0
,Estimation.m,-1,"PARSE-FAIL",-1,parse-fail,0
,TiGE2.m,-1,"PARSE-FAIL",-1,parse-fail,0
,DE_cr.m,-1,"PARSE-FAIL",-1,parse-fail,0
,DE_rb.m,-1,"PARSE-FAIL",-1,parse-fail,0
,EnvironmentalSelection.m,-1,"PARSE-FAIL",-1,parse-fail,0
,ToP.m,-1,"PARSE-FAIL",-1,parse-fail,0
,DecisionVariableAnalysis.m,-1,"PARSE-FAIL",-1,parse-fail,0
,EnvironmentalSelection.m,-1,"PARSE-FAIL",-1,parse-fail,0
,Recombination.m,-1,"PARSE-FAIL",-1,parse-fail,0
,TriMOEATAR.m,-1,"PARSE-FAIL",-1,parse-fail,0
,UpdateConvergenceArchive.m,-1,"PARSE-FAIL",-1,parse-fail,0
,UpdateDiversityArchive.m,-1,"PARSE-FAIL",-1,parse-fail,0
,MatingSelection.m,-1,"PARSE-FAIL",-1,parse-fail,0
,Two_Arch2.m,-1,"PARSE-FAIL",-1,parse-fail,0
,UpdateCA.m,-1,"PARSE-FAIL",-1,parse-fail,0
,UpdateDA.m,-1,"PARSE-FAIL",-1,parse-fail,0
,CalFitness.m,-1,"PARSE-FAIL",-1,parse-fail,0
,Classification.m,-1,"PARSE-FAIL",-1,parse-fail,0
,DE_current_to_other_pbest_1.m,-1,"PARSE-FAIL",-1,parse-fail,0
,DE_current_to_rand_1.m,-1,"PARSE-FAIL",-1,parse-fail,0
,DE_transfer.m,-1,"PARSE-FAIL",-1,parse-fail,0
,First_Stage_EnvironmentalSelection.m,-1,"PARSE-FAIL",-1,parse-fail,0
,GA_TournamentSelection.m,-1,"PARSE-FAIL",-1,parse-fail,0
,Second_Stage_EnvironmentalSelection.m,-1,"PARSE-FAIL",-1,parse-fail,0
,URCMO.m,-1,"PARSE-FAIL",-1,parse-fail,0
,boundConstraint.m,-1,"PARSE-FAIL",-1,parse-fail,0
,gnR1R2R3.m,-1,"PARSE-FAIL",-1,parse-fail,0
,EnvironmentalSelection.m,-1,"PARSE-FAIL",-1,parse-fail,0
,VaEA.m,-1,"PARSE-FAIL",-1,parse-fail,0
,EnvironmentalSelectionW.m,-1,"PARSE-FAIL",-1,parse-fail,0
,WASFGA.m,-1,"PARSE-FAIL",-1,parse-fail,0
,WASFGASort.m,-1,"PARSE-FAIL",-1,parse-fail,0
,generateWeightVectors2.m,-1,"PARSE-FAIL",-1,parse-fail,0
,WOF.m,-1,"PARSE-FAIL",-1,parse-fail,0
,WOF_EnvironmentalSelection.m,-1,"PARSE-FAIL",-1,parse-fail,0
,WOF_GA.m,-1,"PARSE-FAIL",-1,parse-fail,0
,WOF_GAhalf.m,-1,"PARSE-FAIL",-1,parse-fail,0
,WOF_NSGAIIEnvironmentalSelection.m,-1,"PARSE-FAIL",-1,parse-fail,0
,WOF_NSGAIIIEnvironmentalSelection.m,-1,"PARSE-FAIL",-1,parse-fail,0
,WOF_SMPSO_operator.m,-1,"PARSE-FAIL",-1,parse-fail,0
,WOF_WeightIndividual.m,-1,"PARSE-FAIL",-1,parse-fail,0
,WOF_createGroups.m,-1,"PARSE-FAIL",-1,parse-fail,0
,WOF_optimiseByMOEAD.m,-1,"PARSE-FAIL",-1,parse-fail,0
,WOF_optimiseByNSGAII.m,-1,"PARSE-FAIL",-1,parse-fail,0
,WOF_optimiseByNSGAIII.m,-1,"PARSE-FAIL",-1,parse-fail,0
,WOF_optimiseBySMPSO.m,-1,"PARSE-FAIL",-1,parse-fail,0
,WOF_selectxPrimes.m,-1,"PARSE-FAIL",-1,parse-fail,0
,WOF_transformationFunction.m,-1,"PARSE-FAIL",-1,parse-fail,0
,WOF_transformationFunctionMatrixForm.m,-1,"PARSE-FAIL",-1,parse-fail,0
,STM.m,-1,"PARSE-FAIL",-1,parse-fail,0
,WVMOEAP.m,-1,"PARSE-FAIL",-1,parse-fail,0
,EnvironmentalSelection.m,-1,"PARSE-FAIL",-1,parse-fail,0
,EnvironmentalSelection_noCon.m,-1,"PARSE-FAIL",-1,parse-fail,0
,cDPEA.m,-1,"PARSE-FAIL",-1,parse-fail,0
,Operator.m,-1,"PARSE-FAIL",-1,parse-fail,0
,UpdateGbest.m,-1,"PARSE-FAIL",-1,parse-fail,0
,dMOPSO.m,-1,"PARSE-FAIL",-1,parse-fail,0
,UpdateArchive.m,-1,"PARSE-FAIL",-1,parse-fail,0
,UpdatePopulation.m,-1,"PARSE-FAIL",-1,parse-fail,0
,eMOEA.m,-1,"PARSE-FAIL",-1,parse-fail,0
,EnvironmentalSelection.m,-1,"PARSE-FAIL",-1,parse-fail,0
,Evaluate.m,-1,"PARSE-FAIL",-1,parse-fail,0
,gNSGAII.m,-1,"PARSE-FAIL",-1,parse-fail,0
,hpaEA.m,-1,"PARSE-FAIL",-1,parse-fail,0
,hpaEnvironmentalSelection.m,-1,"PARSE-FAIL",-1,parse-fail,0
,hpaNDSolutionsSelectionStrategy.m,-1,"PARSE-FAIL",-1,parse-fail,0
,EnvironmentalSelection.m,-1,"PARSE-FAIL",-1,parse-fail,0
,MatingSelection.m,-1,"PARSE-FAIL",-1,parse-fail,0
,onebyoneEA.m,-1,"PARSE-FAIL",-1,parse-fail,0
,EnvironmentalSelection.m,-1,"PARSE-FAIL",-1,parse-fail,0
,NrDSort.m,-1,"PARSE-FAIL",-1,parse-fail,0
,rNSGAII.m,-1,"PARSE-FAIL",-1,parse-fail,0
,EnvironmentalSelection.m,-1,"PARSE-FAIL",-1,parse-fail,0
,Normalization.m,-1,"PARSE-FAIL",-1,parse-fail,0
,tDEA.m,-1,"PARSE-FAIL",-1,parse-fail,0
,EnvironmentalSelection.m,-1,"PARSE-FAIL",-1,parse-fail,0
,Normalization.m,-1,"PARSE-FAIL",-1,parse-fail,0
,tDEACPBI.m,-1,"PARSE-FAIL",-1,parse-fail,0
,tNCDSort.m,-1,"PARSE-FAIL",-1,parse-fail,0
,BLOCK.m,-1,"PARSE-FAIL",-1,parse-fail,0
,Block_Crossover.m,-1,"PARSE-FAIL",-1,parse-fail,0
,Block_Exchange.m,-1,"PARSE-FAIL",-1,parse-fail,0
,Block_Kopt.m,-1,"PARSE-FAIL",-1,parse-fail,0
,Block_Mutation.m,-1,"PARSE-FAIL",-1,parse-fail,0
,Block_Population.m,-1,"PARSE-FAIL",-1,parse-fail,0
,Block_Selection.m,-1,"PARSE-FAIL",-1,parse-fail,0
,Block_Tournament.m,-1,"PARSE-FAIL",-1,parse-fail,0
,NeuroEA.m,-1,"PARSE-FAIL",-1,parse-fail,0
,ABC.m,-1,"PARSE-FAIL",-1,parse-fail,0
,ACO.m,-1,"PARSE-FAIL",-1,parse-fail,0
,AESSPSO.m,-1,"PARSE-FAIL",-1,parse-fail,0
,OperatorAESSPSO.m,-1,"PARSE-FAIL",-1,parse-fail,0
,Adam.m,-1,"PARSE-FAIL",-1,parse-fail,0
,AutoV.m,-1,"PARSE-FAIL",-1,parse-fail,0
,EnvironmentalSelection.m,-1,"PARSE-FAIL",-1,parse-fail,0
,TSRIOperator.m,-1,"PARSE-FAIL",-1,parse-fail,0
,BFGS.m,-1,"PARSE-FAIL",-1,parse-fail,0
,BSPGA.m,-1,"PARSE-FAIL",-1,parse-fail,0
,BSPTreeConstruction.m,-1,"PARSE-FAIL",-1,parse-fail,0
,BSPTreeLearning.m,-1,"PARSE-FAIL",-1,parse-fail,0
,NODE.m,-1,"PARSE-FAIL",-1,parse-fail,0
,CMAES.m,-1,"PARSE-FAIL",-1,parse-fail,0
,CSO.m,-1,"PARSE-FAIL",-1,parse-fail,0
,DE.m,-1,"PARSE-FAIL",-1,parse-fail,0
,DOA.m,-1,"PARSE-FAIL",-1,parse-fail,0
,ECPO.m,-1,"PARSE-FAIL",-1,parse-fail,0
,OperatorECPO.m,-1,"PARSE-FAIL",-1,parse-fail,0
,EGO.m,-1,"PARSE-FAIL",-1,parse-fail,0
,EvolEI.m,-1,"PARSE-FAIL",-1,parse-fail,0
,dacefit.m,-1,"PARSE-FAIL",-1,parse-fail,0
,predictor.m,-1,"PARSE-FAIL",-1,parse-fail,0
,FEP.m,-1,"PARSE-FAIL",-1,parse-fail,0
,FRCG.m,-1,"PARSE-FAIL",-1,parse-fail,0
,EnvironmentalSelection.m,-1,"PARSE-FAIL",-1,parse-fail,0
,FROFI.m,-1,"PARSE-FAIL",-1,parse-fail,0
,Mutation.m,-1,"PARSE-FAIL",-1,parse-fail,0
,Operator.m,-1,"PARSE-FAIL",-1,parse-fail,0
,GA.m,-1,"PARSE-FAIL",-1,parse-fail,0
,GPSO.m,-1,"PARSE-FAIL",-1,parse-fail,0
,LocalSearch.m,-1,"PARSE-FAIL",-1,parse-fail,0
,GWO.m,-1,"PARSE-FAIL",-1,parse-fail,0
,IMODE.m,-1,"PARSE-FAIL",-1,parse-fail,0
,KMA.m,-1,"PARSE-FAIL",-1,parse-fail,0
,ConstructLinearKRG.m,-1,"PARSE-FAIL",-1,parse-fail,0
,L2SMEA.m,-1,"PARSE-FAIL",-1,parse-fail,0
,MOEAOptimize.m,-1,"PARSE-FAIL",-1,parse-fail,0
,SaEvaluate.m,-1,"PARSE-FAIL",-1,parse-fail,0
,SelectCandidateKRG.m,-1,"PARSE-FAIL",-1,parse-fail,0
,SelectRef.m,-1,"PARSE-FAIL",-1,parse-fail,0
,UpdateArchive.m,-1,"PARSE-FAIL",-1,parse-fail,0
,EnvironmentalSelectionIII.m,-1,"PARSE-FAIL",-1,parse-fail,0
,GAope.m,-1,"PARSE-FAIL",-1,parse-fail,0
,NSGAIIIopt.m,-1,"PARSE-FAIL",-1,parse-fail,0
,srgtsKRGEvaluate.m,-1,"PARSE-FAIL",-1,parse-fail,0
,srgtsKRGFit.m,-1,"PARSE-FAIL",-1,parse-fail,0
,srgtsKRGMLEProcessVariance.m,-1,"PARSE-FAIL",-1,parse-fail,0
,srgtsKRGPredictionVariance.m,-1,"PARSE-FAIL",-1,parse-fail,0
,srgtsKRGPredictor.m,-1,"PARSE-FAIL",-1,parse-fail,0
,srgtsKRGSetOptions.m,-1,"PARSE-FAIL",-1,parse-fail,0
,dace_corrcubic.m,-1,"PARSE-FAIL",-1,parse-fail,0
,dace_correxp.m,-1,"PARSE-FAIL",-1,parse-fail,0
,dace_correxpg.m,-1,"PARSE-FAIL",-1,parse-fail,0
,dace_corrgauss.m,-1,"PARSE-FAIL",-1,parse-fail,0
,dace_corrlin.m,-1,"PARSE-FAIL",-1,parse-fail,0
,dace_corrspherical.m,-1,"PARSE-FAIL",-1,parse-fail,0
,dace_corrspline.m,-1,"PARSE-FAIL",-1,parse-fail,0
,dace_evaluate.m,-1,"PARSE-FAIL",-1,parse-fail,0
,dace_fit.m,-1,"PARSE-FAIL",-1,parse-fail,0
,dace_predictor.m,-1,"PARSE-FAIL",-1,parse-fail,0
,dace_predvar.m,-1,"PARSE-FAIL",-1,parse-fail,0
,dace_regpoly0.m,-1,"PARSE-FAIL",-1,parse-fail,0
,dace_regpoly1.m,-1,"PARSE-FAIL",-1,parse-fail,0
,dace_regpoly2.m,-1,"PARSE-FAIL",-1,parse-fail,0
,srgtsCrossValidation.m,-1,"PARSE-FAIL",-1,parse-fail,0
,srgtsErrorAnalysis.m,-1,"PARSE-FAIL",-1,parse-fail,0
,srgtsFitCreateState.m,-1,"PARSE-FAIL",-1,parse-fail,0
,srgtsGetKfoldValues.m,-1,"PARSE-FAIL",-1,parse-fail,0
,srgtsGetKfolds.m,-1,"PARSE-FAIL",-1,parse-fail,0
,srgtsXVFit.m,-1,"PARSE-FAIL",-1,parse-fail,0
,srgtsXVFittingObjective.m,-1,"PARSE-FAIL",-1,parse-fail,0
,anderbergy.m,-1,"PARSE-FAIL",-1,parse-fail,0
,clusterbal.m,-1,"PARSE-FAIL",-1,parse-fail,0
,srgtsGetKfoldMaxMin.m,-1,"PARSE-FAIL",-1,parse-fail,0
,Child.m,-1,"PARSE-FAIL",-1,parse-fail,0
,Divide.m,-1,"PARSE-FAIL",-1,parse-fail,0
,MFEA.m,-1,"PARSE-FAIL",-1,parse-fail,0
,SelectHalf.m,-1,"PARSE-FAIL",-1,parse-fail,0
,SelectPop.m,-1,"PARSE-FAIL",-1,parse-fail,0
,Child.m,-1,"PARSE-FAIL",-1,parse-fail,0
,Divide.m,-1,"PARSE-FAIL",-1,parse-fail,0
,MFEAII.m,-1,"PARSE-FAIL",-1,parse-fail,0
,SelectHalf.m,-1,"PARSE-FAIL",-1,parse-fail,0
,SelectPop.m,-1,"PARSE-FAIL",-1,parse-fail,0
,learnRMP.m,-1,"PARSE-FAIL",-1,parse-fail,0
,MGO.m,-1,"PARSE-FAIL",-1,parse-fail,0
,ArgminMVPA.m,-1,"PARSE-FAIL",-1,parse-fail,0
,InitializeMVPA.m,-1,"PARSE-FAIL",-1,parse-fail,0
,MVPA.m,-1,"PARSE-FAIL",-1,parse-fail,0
,OperatorMVPA.m,-1,"PARSE-FAIL",-1,parse-fail,0
,ACO_MV_generate.m,-1,"PARSE-FAIL",-1,parse-fail,0
,Gram_Schmidt_process.m,-1,"PARSE-FAIL",-1,parse-fail,0
,Initialize.m,-1,"PARSE-FAIL",-1,parse-fail,0
,Local_Search.m,-1,"PARSE-FAIL",-1,parse-fail,0
,MiSACO.m,-1,"PARSE-FAIL",-1,parse-fail,0
,RBFCreate.m,-1,"PARSE-FAIL",-1,parse-fail,0
,RBFCreate_Hamming.m,-1,"PARSE-FAIL",-1,parse-fail,0
,RBFInterp.m,-1,"PARSE-FAIL",-1,parse-fail,0
,RBFInterp_Hamming.m,-1,"PARSE-FAIL",-1,parse-fail,0
,is_orthogonal_set.m,-1,"PARSE-FAIL",-1,parse-fail,0
,is_orthonormal_set.m,-1,"PARSE-FAIL",-1,parse-fail,0
,FCNForward.m,-1,"PARSE-FAIL",-1,parse-fail,0
,NNDREASO.m,-1,"PARSE-FAIL",-1,parse-fail,0
,OperatorReal.m,-1,"PARSE-FAIL",-1,parse-fail,0
,NelderMead.m,-1,"PARSE-FAIL",-1,parse-fail,0
,OFA.m,-1,"PARSE-FAIL",-1,parse-fail,0
,PSO.m,-1,"PARSE-FAIL",-1,parse-fail,0
,RMSProp.m,-1,"PARSE-FAIL",-1,parse-fail,0
,SA.m,-1,"PARSE-FAIL",-1,parse-fail,0
,GAOperator.m,-1,"PARSE-FAIL",-1,parse-fail,0
,GAOptimize.m,-1,"PARSE-FAIL",-1,parse-fail,0
,SACCEAMII.m,-1,"PARSE-FAIL",-1,parse-fail,0
,rbf_build.m,-1,"PARSE-FAIL",-1,parse-fail,0
,rbf_predict.m,-1,"PARSE-FAIL",-1,parse-fail,0
,spiltVariables.m,-1,"PARSE-FAIL",-1,parse-fail,0
,FESPSO.m,-1,"PARSE-FAIL",-1,parse-fail,0
,RBFOperator.m,-1,"PARSE-FAIL",-1,parse-fail,0
,SACOSO.m,-1,"PARSE-FAIL",-1,parse-fail,0
,UpdateArchive.m,-1,"PARSE-FAIL",-1,parse-fail,0
,UpdateRBF.m,-1,"PARSE-FAIL",-1,parse-fail,0
,checkExist.m,-1,"PARSE-FAIL",-1,parse-fail,0
,srgtsnewrb.m,-1,"PARSE-FAIL",-1,parse-fail,0
,Operator.m,-1,"PARSE-FAIL",-1,parse-fail,0
,RBF.m,-1,"PARSE-FAIL",-1,parse-fail,0
,RBF_eval.m,-1,"PARSE-FAIL",-1,parse-fail,0
,SADEAMSS.m,-1,"PARSE-FAIL",-1,parse-fail,0
,DEGetTrialVector.m,-1,"PARSE-FAIL",-1,parse-fail,0
,GetSurrogate_SADEATDSC.m,-1,"PARSE-FAIL",-1,parse-fail,0
,GetTrain_SADEATDSC.m,-1,"PARSE-FAIL",-1,parse-fail,0
,Predict_SADEATDSC.m,-1,"PARSE-FAIL",-1,parse-fail,0
,RBF.m,-1,"PARSE-FAIL",-1,parse-fail,0
,RBF_eval.m,-1,"PARSE-FAIL",-1,parse-fail,0
,SADEATDSC.m,-1,"PARSE-FAIL",-1,parse-fail,0
,rbfcreate.m,-1,"PARSE-FAIL",-1,parse-fail,0
,rbfinterp.m,-1,"PARSE-FAIL",-1,parse-fail,0
,GenerateNew.m,-1,"PARSE-FAIL",-1,parse-fail,0
,SADESammon.m,-1,"PARSE-FAIL",-1,parse-fail,0
,Sammon.m,-1,"PARSE-FAIL",-1,parse-fail,0
,dacefit.m,-1,"PARSE-FAIL",-1,parse-fail,0
,predictor.m,-1,"PARSE-FAIL",-1,parse-fail,0
,FindOpt.m,-1,"PARSE-FAIL",-1,parse-fail,0
,SAMSO.m,-1,"PARSE-FAIL",-1,parse-fail,0
,UpdatePosition.m,-1,"PARSE-FAIL",-1,parse-fail,0
,rbf_build.m,-1,"PARSE-FAIL",-1,parse-fail,0
,rbf_predict.m,-1,"PARSE-FAIL",-1,parse-fail,0
,DEGetTrialVectorConstrained.m,-1,"PARSE-FAIL",-1,parse-fail,0
,Findbest_SAPO.m,-1,"PARSE-FAIL",-1,parse-fail,0
,Findbest_f2g_SAPO.m,-1,"PARSE-FAIL",-1,parse-fail,0
,Findbest_g2f_SAPO.m,-1,"PARSE-FAIL",-1,parse-fail,0
,RBFCreate_SAPO.m,-1,"PARSE-FAIL",-1,parse-fail,0
,RBFInterp_SAPO.m,-1,"PARSE-FAIL",-1,parse-fail,0
,Repair_SAPO.m,-1,"PARSE-FAIL",-1,parse-fail,0
,SAPO.m,-1,"PARSE-FAIL",-1,parse-fail,0
,Select_fg4g_RtnTrain_SAPO.m,-1,"PARSE-FAIL",-1,parse-fail,0
,Select_g4f_half_RtnTrain_SAPO.m,-1,"PARSE-FAIL",-1,parse-fail,0
,SD.m,-1,"PARSE-FAIL",-1,parse-fail,0
,SHADE.m,-1,"PARSE-FAIL",-1,parse-fail,0
,SQP.m,-1,"PARSE-FAIL",-1,parse-fail,0
,qpsubp.m,-1,"PARSE-FAIL",-1,parse-fail,0
,CalState.m,-1,"PARSE-FAIL",-1,parse-fail,0
,OperatorPPO.m,-1,"PARSE-FAIL",-1,parse-fail,0
,SSIORL.m,-1,"PARSE-FAIL",-1,parse-fail,0
,TournamentSelection.m,-1,"PARSE-FAIL",-1,parse-fail,0
,mainPPO.m,-1,"PARSE-FAIL",-1,parse-fail,0
,myResetFunction.m,-1,"PARSE-FAIL",-1,parse-fail,0
,myStepFunction.m,-1,"PARSE-FAIL",-1,parse-fail,0
,WOA.m,-1,"PARSE-FAIL",-1,parse-fail,0
,CrowdingDistance.m,-1,"PARSE-FAIL",-1,parse-fail,0
,FitnessSingle.m,-1,"PARSE-FAIL",-1,parse-fail,0
,NDSort.m,-1,"PARSE-FAIL",-1,parse-fail,0
,OperatorDE.m,-1,"PARSE-FAIL",-1,parse-fail,0
,OperatorFEP.m,-1,"PARSE-FAIL",-1,parse-fail,0
,OperatorGA.m,-1,"PARSE-FAIL",-1,parse-fail,0
,OperatorGAhalf.m,-1,"PARSE-FAIL",-1,parse-fail,0
,OperatorPSO.m,-1,"PARSE-FAIL",-1,parse-fail,0
,RouletteWheelSelection.m,-1,"PARSE-FAIL",-1,parse-fail,0
,TournamentSelection.m,-1,"PARSE-FAIL",-1,parse-fail,0
,UniformPoint.m,-1,"PARSE-FAIL",-1,parse-fail,0
