algorithm,path,assign_line,init_line,order,uses_Z_after
A-NSGA-III,Multi-objective optimization/A-NSGA-III/ANSGAIII.m,23,28,assign-before-init,1
AB-SAEA,Multi-objective optimization/AB-SAEA/ABSAEA.m,27,-1,no-init-in-file,0
AdaW,Multi-objective optimization/AdaW/AdaW.m,21,30,assign-before-init,1
BCE-MOEA-D,Multi-objective optimization/BCE-MOEA-D/BCEMOEAD.m,21,31,assign-before-init,1
C-MOEA-D,Multi-objective optimization/C-MOEA-D/CMOEAD.m,22,32,assign-before-init,1
C-TAEA,Multi-objective optimization/C-TAEA/CTAEA.m,21,24,assign-before-init,0
CI-EMO,Multi-objective optimization/CI-EMO/CIEMO.m,27,-1,no-init-in-file,0
CMME,Multi-objective optimization/CMME/CMME.m,24,27,assign-before-init,0
CMOBR,Multi-objective optimization/CMOBR/CMOBR.m,29,38,assign-before-init,1
CMOEBOD,Multi-objective optimization/CMOEBOD/CMOEBOD.m,30,-1,no-init-in-file,0
CMOEMT,Multi-objective optimization/CMOEMT/CMOEMT.m,29,38,assign-before-init,1
DCNSGA-III,Multi-objective optimization/DCNSGA-III/DCNSGAIII.m,27,28,assign-before-init,1
DEA-GNG,Multi-objective optimization/DEA-GNG/DEAGNG.m,23,24,assign-before-init,0
DGEA,Multi-objective optimization/DGEA/DGEA.m,26,27,assign-before-init,0
DP-PPS,Multi-objective optimization/DP-PPS/DPPPS.m,29,38,assign-before-init,1
EAG-MOEA-D,Multi-objective optimization/EAG-MOEA-D/EAGMOEAD.m,26,35,assign-before-init,0
EFR-RR,Multi-objective optimization/EFR-RR/EFRRR.m,25,26,assign-before-init,0
EGES,Multi-objective optimization/EGES/GES.m,17,-1,no-init-in-file,0
EM-SAEA,Multi-objective optimization/EM-SAEA/EM_SAEA.m,27,-1,no-init-in-file,1
ENS-MOEA-D,Multi-objective optimization/ENS-MOEA-D/ENSMOEAD.m,26,35,assign-before-init,1
FDSEA,Multi-objective optimization/FDSEA/FDSEA.m,26,39,assign-before-init,1
FDV,Multi-objective optimization/FDV/FDV.m,47,26,assign-AFTER-init,1
FRCG-M,Multi-objective optimization/FRCG-M/FRCGM.m,25,26,assign-before-init,0
GCNMOEA,Multi-objective optimization/GCNMOEA/GCNMOEA.m,21,22,assign-before-init,1
GDVTSF,Multi-objective optimization/GDVTSF/GDVTSF.m,41,47,assign-before-init,0
GDVTSF,Multi-objective optimization/GDVTSF/GDVTSF_Utils.m,229,-1,no-init-in-file,0
GLMO,Multi-objective optimization/GLMO/GLMO.m,88,69,assign-AFTER-init,1
GPSO-M,Multi-objective optimization/GPSO-M/GPSOM.m,27,28,assign-before-init,0
GWASF-GA,Multi-objective optimization/GWASF-GA/GWASFGA.m,32,25,assign-AFTER-init,0
HEA,Multi-objective optimization/HEA/HEA.m,26,31,assign-before-init,0
I-DBEA,Multi-objective optimization/I-DBEA/IDBEA.m,21,25,assign-before-init,0
IM-C-MOEA-D,Multi-objective optimization/IM-C-MOEA-D/IMCMOEAD.m,29,37,assign-before-init,0
IM-MOEA-D,Multi-objective optimization/IM-MOEA-D/IMMOEAD.m,29,37,assign-before-init,1
K-RVEA,Multi-objective optimization/K-RVEA/KRVEA.m,30,-1,no-init-in-file,0
LCSA,Multi-objective optimization/LCSA/LCSA.m,147,70,assign-AFTER-init,1
LDS-AF,Multi-objective optimization/LDS-AF/LDSAF.m,26,-1,no-init-in-file,1
LERD,Multi-objective optimization/LERD/LERD.m,27,28,assign-before-init,0
LMOCSO,Multi-objective optimization/LMOCSO/LMOCSO.m,21,22,assign-before-init,0
MCEA-D,Multi-objective optimization/MCEA-D/MCEAD.m,30,-1,no-init-in-file,1
MMOPSO,Multi-objective optimization/MMOPSO/MMOPSO.m,21,25,assign-before-init,1
MOEA-D,Multi-objective optimization/MOEA-D/MOEAD.m,25,34,assign-before-init,1
MOEA-D-AWA,Multi-objective optimization/MOEA-D-AWA/MOEADAWA.m,26,42,assign-before-init,1
MOEA-D-CMA,Multi-objective optimization/MOEA-D-CMA/MOEADCMA.m,25,39,assign-before-init,1
MOEA-D-CMT,Multi-objective optimization/MOEA-D-CMT/MOEADCMT.m,35,44,assign-before-init,1
MOEA-D-DAE,Multi-objective optimization/MOEA-D-DAE/MOEADDAE.m,21,31,assign-before-init,0
MOEA-D-DCWV,Multi-objective optimization/MOEA-D-DCWV/MOEADDCWV.m,29,41,assign-before-init,1
MOEA-D-DE,Multi-objective optimization/MOEA-D-DE/MOEADDE.m,26,35,assign-before-init,1
MOEA-D-DQN,Multi-objective optimization/MOEA-D-DQN/MOEADDQN.m,22,34,assign-before-init,1
MOEA-D-DRA,Multi-objective optimization/MOEA-D-DRA/MOEADDRA.m,21,33,assign-before-init,1
MOEA-D-DU,Multi-objective optimization/MOEA-D-DU/MOEADDU.m,26,35,assign-before-init,0
MOEA-D-DYTS,Multi-objective optimization/MOEA-D-DYTS/MOEADDYTS.m,21,33,assign-before-init,1
MOEA-D-FRRMAB,Multi-objective optimization/MOEA-D-FRRMAB/MOEADFRRMAB.m,28,40,assign-before-init,1
MOEA-D-MRDL,Multi-objective optimization/MOEA-D-MRDL/MOEADMRDL.m,27,36,assign-before-init,1
MOEA-D-PFE,Multi-objective optimization/MOEA-D-PFE/MOEADPFE.m,32,41,assign-before-init,1
MOEA-D-PaS,Multi-objective optimization/MOEA-D-PaS/MOEADPaS.m,21,33,assign-before-init,1
MOEA-D-STM,Multi-objective optimization/MOEA-D-STM/MOEADSTM.m,21,31,assign-before-init,0
MOEA-D-VOV,Multi-objective optimization/MOEA-D-VOV/MOEADVOV.m,29,38,assign-before-init,1
MOEA-DD,Multi-objective optimization/MOEA-DD/MOEADD.m,26,35,assign-before-init,1
MOEA-NZD,Multi-objective optimization/MOEA-NZD/MOEANZD.m,23,-1,no-init-in-file,1
MOEA-RE,Multi-objective optimization/MOEA-RE/MOEARE.m,25,26,assign-before-init,0
MOMBI-II,Multi-objective optimization/MOMBI-II/MOMBIII.m,27,28,assign-before-init,0
MPSO-D,Multi-objective optimization/MPSO-D/MPSOD.m,22,32,assign-before-init,1
MaOEA-IGD,Multi-objective optimization/MaOEA-IGD/MaOEAIGD.m,25,27,assign-before-init,0
NSGA-III,Multi-objective optimization/NSGA-III/NSGAIII.m,22,23,assign-before-init,1
NSGAIII-EHVI,Multi-objective optimization/NSGAIII-EHVI/NSGAIIIEHVI.m,35,-1,no-init-in-file,1
PB-RVEA,Multi-objective optimization/PB-RVEA/PBRVEA.m,29,-1,no-init-in-file,0
POCEA,Multi-objective optimization/POCEA/POCEA.m,19,18,assign-AFTER-init,0
PPS,Multi-objective optimization/PPS/PPS.m,28,37,assign-before-init,1
ParEGO,Multi-objective optimization/ParEGO/ParEGO.m,27,-1,no-init-in-file,0
RPD-NSGA-II,Multi-objective optimization/RPD-NSGA-II/RPDNSGAII.m,22,23,assign-before-init,0
RVEA,Multi-objective optimization/RVEA/RVEA.m,26,27,assign-before-init,0
RVEA-iGNG,Multi-objective optimization/RVEA-iGNG/RVEAiGNG.m,35,36,assign-before-init,0
RVEAa,Multi-objective optimization/RVEAa/RVEAa.m,26,27,assign-before-init,0
SAMOEA-TL2M,Multi-objective optimization/SAMOEA-TL2M/SAMOEATL2M.m,31,-1,no-init-in-file,0
SFA-DE,Multi-objective optimization/SFA-DE/SFADE.m,30,-1,no-init-in-file,1
SPEA-R,Multi-objective optimization/SPEA-R/SPEAR.m,21,28,assign-before-init,0
TELSO,Multi-objective optimization/TELSO/TELSO.m,24,-1,no-init-in-file,0
TS-NSGA-II,Multi-objective optimization/TS-NSGA-II/TSNSGAII.m,24,27,assign-before-init,0
WASF-GA,Multi-objective optimization/WASF-GA/WASFGA.m,34,27,assign-AFTER-init,0
WOF,Multi-objective optimization/WOF/WOF.m,99,106,assign-before-init,0
WV-MOEA-P,Multi-objective optimization/WV-MOEA-P/WVMOEAP.m,26,44,assign-before-init,1
dMOPSO,Multi-objective optimization/dMOPSO/dMOPSO.m,25,28,assign-before-init,1
t-DEA,Multi-objective optimization/t-DEA/tDEA.m,21,22,assign-before-init,0
tDEA-CPBI,Multi-objective optimization/tDEA-CPBI/tDEACPBI.m,24,25,assign-before-init,0
