algorithm,N_requested,constructor_returned,N_realised,Problem_N_after_run,status
NSGAIII,100,91,91,91,diverges
MOEAD,100,91,91,91,diverges
RVEA,100,91,83,91,diverges
LMOCSO,100,91,66,91,diverges
FDSEA,100,91,91,91,diverges
HEA,100,91,91,91,diverges
CTAEA,100,91,91,91,diverges
MOEADDRA,100,91,91,91,diverges
MOEADDE,100,91,91,91,diverges
RVEAa,100,91,31,91,diverges
DGEA,100,91,80,91,diverges
PPS,100,91,91,91,diverges
MOEADSTM,100,91,91,91,diverges
NSGAII,100,91,100,100,faithful
SPEA2,100,91,100,100,faithful
IBEA,100,91,100,100,faithful
